id,timestamp_utc,local_time,user_screen_name,text,possibly_sensitive,retweet_count,like_count,reply_count,lang,to_username,to_userid,to_tweetid,source_name,source_url,user_location,lat,lng,user_id,user_name,user_verified,user_description,user_url,user_image,user_tweets,user_followers,user_friends,user_likes,user_lists,user_created_at,user_timestamp_utc,collected_via,match_query,retweeted_id,retweeted_user,retweeted_user_id,retweeted_timestamp_utc,quoted_id,quoted_user,quoted_user_id,quoted_timestamp_utc,collection_time,url,place_country_code,place_name,place_type,place_coordinates,links,domains,media_urls,media_files,media_types,mentioned_names,mentioned_ids,hashtags
1536730408200638464,1655220055,2022-06-14T15:20:55,ThaRocka,@wildthin9 @finkengrund @HinnerkPedersen @tagesschau Da tut sich Links wie Rechts nicht viel - ich sag nur #FreeLina & #Kantholz,0,0,0,0,de,wildthin9,1374343317295673348,1536712526876090370,,,Hamburg⚓️,,,746760567612936192,Jerome Morrow🇺🇦,0,"•Demokrat🇪🇺
•CDU🇩🇪
•Schwede🇸🇪
•Konzerner🏙
•Car-Guy🚗💨
•SUV-KITA-Bringer👧🏼
•No Faschismus🟤🔴🟢
•Am Klima-Profilbild erkenne ich Vollidioten sofort🤡",,https://pbs.twimg.com/profile_images/1153428991514222593/3_wmEms5_normal.jpg,40846,863,3570,,13,2016-06-25T17:42:48,1466876568,,1,,,,,,,,,2022-06-14T19:52:19.445777,https://twitter.com/ThaRocka/status/1536730408200638464,,,,,,,,,,HinnerkPedersen|finkengrund|tagesschau|wildthin9,1501864337983561728|1376129077338329090|5734902|1374343317295673348,FreeLina|Kantholz
1536724247002890240,1655218586,2022-06-14T14:56:26,BirkigtA,"@CGdoppelpunkt @wenig_worte Na, ich weiß nicht: #FreeLina sitzt ja nun auch schon bald 2 Jahre in U-Haft, unter irgendwelchen fadenscheinigen Vorwürfen, für die aber auch jeder glaubwürdige Beweis fehlt. 
Unserer Rechtspflege ist nicht zu trauen.",0,0,3,1,de,CGdoppelpunkt,757562508,1536704053509509122,,,Auf Achse,,,2235387647,Andreas Birkigt,0,"Lesender Autor, autorisierter Leser. Begeistert, nachdenklich, bisweilen schrecklich. Sportlich. Vintage-Uhren-Fan. Wer mehr wissen will, folge mir :-)",,https://pbs.twimg.com/profile_images/509298892291063808/vExB8kic_normal.jpeg,29023,485,891,,5,2013-12-20T21:29:51,1387574991,,1,,,,,,,,,2022-06-14T19:52:19.445777,https://twitter.com/BirkigtA/status/1536724247002890240,,,,,,,,,,CGdoppelpunkt|wenig_worte,757562508|28804762,FreeLina
1536643447590993920,1655199322,2022-06-14T09:35:22,hoder_jens,"@PeterBa84734077 @PETER89742110 @altinger4la Lieber Peter Baumann, Ihr Einsatz für Imfung und Covid-Folgen akzeptiere ich. Wer derart undifferenziert aus seiner Rentnerposition und @ „Rant_ifa“ mit # „freelina“ (Linksradikale) retweetet, sollte dringend über sich selbst nachdenken. #falsebalance #Kontaktschuld",0,0,1,1,de,hoder_jens,1513151563623288833,1536639985675341825,,,,,,1513151563623288833,Jens Hoder,0,,,https://abs.twimg.com/sticky/default_profile_images/default_profile_normal.png,413,1,0,,0,2022-04-10T13:47:15,1649598435,,1,,,,,,,,,2022-06-14T19:52:19.445777,https://twitter.com/hoder_jens/status/1536643447590993920,,,,,,,,,,PETER89742110|PeterBa84734077|altinger4la,1156562092641718278|1078611325134295041|207045095,Kontaktschuld|falsebalance
1536340490043330560,1655127091,2022-06-13T13:31:31,MTrollaner,"@trevbruttenholm Besser einen 500g Hammer mitbringen und ein FreeLina Shirt tragen.
Das ist dann eine ""Hammer Aktion"" und wird von Linksextremen gefeiert. https://twitter.com/MTrollaner/status/1536340490043330560/photo/1",0,0,3,0,de,,,,,,Farpoint-Station,,,1483858301498675208,𝕄𝕣. 𝕋𝕣𝕠𝕝𝕝𝕒𝕟𝕖𝕣 ☸ Jenisch mit Wohnwagen ☸,0,"Lieutenant Commander on the USS Siffstar Alpha

🖖Siff long and prosper",,https://pbs.twimg.com/profile_images/1483858515018059781/EDYqZ2v9_normal.jpg,4051,668,888,,0,2022-01-19T17:46:17,1642614377,,1,,,,,,,,,2022-06-14T19:52:19.445777,https://twitter.com/MTrollaner/status/1536340490043330560,,,,,https://twitter.com/MTrollaner/status/1536340490043330560/photo/1,,https://pbs.twimg.com/media/FVItZiOVEAAxP1W.png,1536340490043330560_FVItZiOVEAAxP1W.png,photo,trevbruttenholm,1337896199995723776,
1536293867418439680,1655115975,2022-06-13T10:26:15,flo_rrrian,@DrJoelina Grüße gehen raus an die ganzen #FreeLina Accs.,0,0,0,0,de,,,,,,"Erfurt, Deutschland",,,956433959289794560,Flo 🐕,0,Notorisch schlechte Rechtschreibung / Mach gerne Zeug mit Excel-Tabellen / Hab was gegen Faschos / Grün 🌻 / #Erfurt,,https://pbs.twimg.com/profile_images/1023522088865464322/JsjZlWzh_normal.jpg,19126,987,1102,,6,2018-01-25T07:50:00,1516866600,,1,,,,,,,,,2022-06-14T19:52:19.445777,https://twitter.com/flo_rrrian/status/1536293867418439680,,,,,,,,,,DrJoelina,1030918635517366272,FreeLina
1536281453146808322,1655113015,2022-06-13T09:36:55,marco_kinski,#FreeLina « QuavoStuntin: Free All The Guys Pray They Stay Focused And Get Out Wit A Plan To Continue To Run That Bag Up The Righteous Way! 🙏🏾 — https://twitter.com/QuavoStuntin/status/1536231437782990850 »,0,0,1,0,und,,,,,,München,,,974506951,Marco,0,"Challo Challo, labber net du Kackvogel",,https://pbs.twimg.com/profile_images/1086573856989556737/fyuHntOq_normal.jpg,8170,137,1306,,3,2012-11-27T19:13:48,1354043628,,1,,,,,1536231437782990850,QuavoStuntin,381648806,1655101091,2022-06-14T19:52:19.445777,https://twitter.com/marco_kinski/status/1536281453146808322,,,,,https://twitter.com/QuavoStuntin/status/1536231437782990850,,,,,,,FreeLina
1536231437782990850,1655101091,2022-06-13T06:18:11,QuavoStuntin,Free All The Guys Pray They Stay Focused And Get Out Wit A Plan To Continue To Run That Bag Up The Righteous Way! 🙏🏾,0,318,2014,29,en,,,,,,N A W F ,,,381648806,QuavoYRN,1,1/3 of @Migos #YRN,https://qualitycontrol.lnk.to/ShootersInsideMyCrib,https://pbs.twimg.com/profile_images/1527342364427096064/JkffPJUq_normal.jpg,15916,3707619,356,,1584,2011-09-28T17:58:30,1317232710,quote,0,,,,,,,,,2022-06-14T19:52:19.445777,https://twitter.com/QuavoStuntin/status/1536231437782990850,,,,,,,,,,,,
1536273699283865600,1655111167,2022-06-13T09:06:07,Hansaplast42,#freelina,0,0,2,0,qht,Hansaplast42,1234773476738768896,1536273660406902787,,,,,,1234773476738768896,Hansaplast 🚬,0,"#freeLina
Schuhschnabel Fanaccount",,https://pbs.twimg.com/profile_images/1425425974934523910/K85ZlR4o_normal.jpg,905,132,391,,0,2020-03-03T09:32:33,1583227953,,1,,,,,,,,,2022-06-14T19:52:19.450467,https://twitter.com/Hansaplast42/status/1536273699283865600,,,,,,,,,,,,freelina
1536148072014946306,1655081215,2022-06-13T00:46:55,Nasir_Yahya,"RT @Nasir_Yahya: ندعوكم لتوقيع عريضة موجهة للأمين العام الامم المتحدة و المفوضية العليا لحقوق الانسان تدعو #الحرية_للمعتقلة_لينا 
Call for action for the release of Saudi HRD Dr. Lina Sharif from arbitrary detention
#FreeLina #عيد_ميلاد_لينا_بالمعتقل @antonioguterres 
 https://secure.avaaz.org/community_petitions/en/secretary_general_of_the_un_un_commissioner_for_hu_call_for_action_for_the_release_of_saudi_hrd_dr_lina_sharif_from_arbitrary_detention/?wAJaetb&utm_source=sharetools&utm_medium=twitter&utm_campaign=petition-1496317-call_for_action_for_the_release_of_saudi_hrd_dr_lina_sharif_from_arbitrary_detention&utm_term=wAJaetb%2Ben",0,0,0,0,und,,,,,,NYLegal.ca@protonmail.com,,,950348659849281536,Nasir Yahya ⚖️ ناصر يحيى,0,Legal & Human Rights Consultant•Independnt•Tweets/Opnions≠Advice•LK/RT/Fllw≠Endrsmt•مستشار قانوني و خبير في حقوق الإنسان•أمثل نفسي•متابعة/لايك/رت≠موافقة 🏳️,http://www.NY-Legal.com,https://pbs.twimg.com/profile_images/1524166432564875264/QKIp1aAM_normal.jpg,9706,2178,861,,8,2018-01-08T12:49:11,1515415751,,1,1524166032092704768,Nasir_Yahya,950348659849281536,1652224474,,,,,2022-06-14T19:52:19.451460,https://twitter.com/Nasir_Yahya/status/1536148072014946306,,,,,,,,,,Nasir_Yahya,950348659849281536,الحرية_للمعتقلة_لينا
1524166032092704768,1652224474,2022-05-10T23:14:34,Nasir_Yahya,"ندعوكم لتوقيع عريضة موجهة للأمين العام الامم المتحدة و المفوضية العليا لحقوق الانسان تدعو #الحرية_للمعتقلة_لينا 
Call for action for the release of Saudi HRD Dr. Lina Sharif from arbitrary detention
#FreeLina #عيد_ميلاد_لينا_بالمعتقل @antonioguterres 
 https://secure.avaaz.org/community_petitions/en/secretary_general_of_the_un_un_commissioner_for_hu_call_for_action_for_the_release_of_saudi_hrd_dr_lina_sharif_from_arbitrary_detention/?wAJaetb&utm_source=sharetools&utm_medium=twitter&utm_campaign=petition-1496317-call_for_action_for_the_release_of_saudi_hrd_dr_lina_sharif_from_arbitrary_detention&utm_term=wAJaetb%2Ben",0,68,73,4,und,,,,,,NYLegal.ca@protonmail.com,,,950348659849281536,Nasir Yahya ⚖️ ناصر يحيى,0,Legal & Human Rights Consultant•Independnt•Tweets/Opnions≠Advice•LK/RT/Fllw≠Endrsmt•مستشار قانوني و خبير في حقوق الإنسان•أمثل نفسي•متابعة/لايك/رت≠موافقة 🏳️,http://www.NY-Legal.com,https://pbs.twimg.com/profile_images/1524166432564875264/QKIp1aAM_normal.jpg,9706,2178,861,,8,2018-01-08T12:49:11,1515415751,retweet,1,,,,,,,,,2022-06-14T19:52:19.451460,https://twitter.com/Nasir_Yahya/status/1524166032092704768,,,,,https://secure.avaaz.org/community_petitions/en/secretary_general_of_the_un_un_commissioner_for_hu_call_for_action_for_the_release_of_saudi_hrd_dr_lina_sharif_from_arbitrary_detention/?wAJaetb,,,,,antonioguterres,811229675758505984,FreeLina|الحرية_للمعتقلة_لينا|عيد_ميلاد_لينا_بالمعتقل
1536097091126272000,1655069060,2022-06-12T21:24:20,MovieSumit,"I was just told that @soliantifaost_ writes a conclusion of every single day of the #FreeLina court proceedings and

I can't stop reading. 

It's an unbelievable story (+ definitely a great movie 👀)

Incredible and important (!) work. 
Read for yourself:

https://www.soli-antifa-ost.org/",0,0,1,0,en,,,,,,Berlin,,,3150897149,Sumit,0,Movie Maker • aka Julius • I ❤️ Movies + Gifs - deal with it • some (political) tweets in/about 🇩🇪 (some to fight Nazis) • layout by @ganylus • all pron. fine,http://directedbysumit.com,https://pbs.twimg.com/profile_images/1245011838171037697/rWoeahob_normal.jpg,1193,224,1688,,6,2015-04-09T08:34:33,1428568473,,1,,,,,,,,,2022-06-14T19:52:19.451460,https://twitter.com/MovieSumit/status/1536097091126272000,,,,,https://www.soli-antifa-ost.org,,,,,soliantifaost_,1431246995717558279,FreeLina
1535984914042081285,1655042315,2022-06-12T13:58:35,Habsvergessen,"@PaulLoeserSeb @immer_bereit Wir brauchen mehr aktive Zivilcourage, #FreeLina!",0,0,3,0,de,PaulLoeserSeb,1111367977541271553,1535968538862682112,,,"Bavaria, Germany",,,754064420876214272,John Doe,0,"Fair is fair, foul is foul.",,https://pbs.twimg.com/profile_images/1267341789104570373/mJB7JGjO_normal.jpg,8513,72,216,,3,2016-07-15T21:25:42,1468617942,,1,,,,,,,,,2022-06-14T19:52:19.452491,https://twitter.com/Habsvergessen/status/1535984914042081285,,,,,,,,,,PaulLoeserSeb|immer_bereit,1111367977541271553|3355180288,FreeLina
1535984850066366464,1655042300,2022-06-12T13:58:20,GerondeB,"@boblinger77 @PaulLoeserSeb #FreeLina hätte das gefallen.
👍😂",0,0,2,0,de,boblinger77,2862470391,1535982406578098177,,,Deutschland,,,1515832450945015808,Geronde de Callas-Berger,0,"In der Demokratie haben nur die etwas zu sagen, die nichts zu sagen haben. In der Diktatur ist es genau umgekehrt.

#FCKAFD #FREE 🇺🇦",,https://pbs.twimg.com/profile_images/1515843201302736902/oeZG-6SW_normal.jpg,2056,53,386,,1,2022-04-17T23:20:20,1650237620,,1,,,,,,,,,2022-06-14T19:52:19.452491,https://twitter.com/GerondeB/status/1535984850066366464,,,,,,,,,,PaulLoeserSeb|boblinger77,1111367977541271553|2862470391,FreeLina
1535944886545010689,1655032772,2022-06-12T11:19:32,Itzz_FloZz,RT @genosse_RAF: Es darf nicht in Vergessenheit geraten: #LinaE ist seit 584 Tagen in Haft. #FreeLina,0,0,0,0,de,,,,,,,,,1065338680536195072,Flo ☭,0,linksrotversifft ☭ twittern bis zur Revo ☭ bijî bijî Kurdistan☀️✊,,https://pbs.twimg.com/profile_images/1515426619787202568/GPYXe6d7_normal.jpg,8575,554,780,,4,2018-11-21T20:18:29,1542831509,,1,1535909005947805696,genosse_RAF,1323754344236331014,1655024217,,,,,2022-06-14T19:52:19.452491,https://twitter.com/Itzz_FloZz/status/1535944886545010689,,,,,,,,,,genosse_RAF,1323754344236331014,FreeLina|LinaE
1535909005947805696,1655024217,2022-06-12T08:56:57,genosse_RAF,Es darf nicht in Vergessenheit geraten: #LinaE ist seit 584 Tagen in Haft. #FreeLina,0,4,16,0,de,,,,,,Westberlin,,,1323754344236331014,Raphael,0,er/ihm | Kommunist und Antifaschist | bekennt sich nicht zur ✨NATO✨ | es twittern er selbst (ohne Kürzel) und sein Team (auch ohne Kürzel) | #FreeLina,http://rote-hilfe.de/mitglied-werden,https://pbs.twimg.com/profile_images/1504385714875736065/dqXjcF_c_normal.jpg,3014,208,449,,0,2020-11-03T22:31:13,1604442673,retweet,1,,,,,,,,,2022-06-14T19:52:19.452491,https://twitter.com/genosse_RAF/status/1535909005947805696,,,,,,,,,,,,FreeLina|LinaE
1535927135461945344,1655028539,2022-06-12T10:08:59,catchyUser,RT @genosse_RAF: Es darf nicht in Vergessenheit geraten: #LinaE ist seit 584 Tagen in Haft. #FreeLina,0,0,0,0,de,,,,,,,,,1189132422769762304,Aspiring Dreamscape Artist,0,"Existencial dread till im dead

He/him/piece of shit

Eat the rich",,https://pbs.twimg.com/profile_images/1472963243966615559/Jy8zjyPq_normal.jpg,4995,50,416,,0,2019-10-29T10:50:46,1572346246,,1,1535909005947805696,genosse_RAF,1323754344236331014,1655024217,,,,,2022-06-14T19:52:19.453486,https://twitter.com/catchyUser/status/1535927135461945344,,,,,,,,,,genosse_RAF,1323754344236331014,FreeLina|LinaE
1535914507180064769,1655025529,2022-06-12T09:18:49,le_n2503,RT @genosse_RAF: Es darf nicht in Vergessenheit geraten: #LinaE ist seit 584 Tagen in Haft. #FreeLina,0,0,0,0,de,,,,,,"Göttingen, Germany",,,1093946340499955712,Leon 🌹 🇺🇳🇺🇦🏳️‍🌈🏳️‍⚧️,0,Sozialist🤝 | UB-Vorstand Jusos Gö✊🌹| Mitglied @WirFalken🚩| shitposts/politics | Vulgärpazifist☮️ | Antifa🏴 | Dark: @lanny112503 | he/him🏳️‍🌈,,https://pbs.twimg.com/profile_images/1477343848615620609/6b2IkFYM_normal.jpg,13784,819,1038,,5,2019-02-08T18:55:06,1549652106,,1,1535909005947805696,genosse_RAF,1323754344236331014,1655024217,,,,,2022-06-14T19:52:19.453486,https://twitter.com/le_n2503/status/1535914507180064769,,,,,,,,,,genosse_RAF,1323754344236331014,FreeLina|LinaE
1535909507838136321,1655024337,2022-06-12T08:58:57,WeidigFr,RT @genosse_RAF: Es darf nicht in Vergessenheit geraten: #LinaE ist seit 584 Tagen in Haft. #FreeLina,0,0,0,0,de,,,,,,"Frankfurt am Main, Deutschland",,,1455217411163054082,Franzl,0,"Arbeiter, Sozialist, Antifaschist, Friedensaktivist und Weltbürger.

Was des Volkes Hände schaffen, soll des Volkes eigen sein.",,https://pbs.twimg.com/profile_images/1459461535886188545/nrdsU3f-_normal.jpg,7947,105,102,,0,2021-11-01T16:58:33,1635785913,,1,1535909005947805696,genosse_RAF,1323754344236331014,1655024217,,,,,2022-06-14T19:52:19.453486,https://twitter.com/WeidigFr/status/1535909507838136321,,,,,,,,,,genosse_RAF,1323754344236331014,FreeLina|LinaE
1535500281508777984,1654926769,2022-06-11T05:52:49,fassadenfunk,"RT @efaa_fhain: Und weiterhin #FreeLina!

4/x",0,0,0,0,de,,,,,,"Berlin, Germany",,,1280412001907412992,Fassadenfunk,0,Recht auf Stadt. Im Radio. Am 1. Mittwoch im Monat | 18:00–19:45 Uhr live @StudioAnsage | UKW 88.4 Berlin  | Stream: https://t.co/aW1KyxyKXS | redaktion@fassadenfunk.org,http://fassadenfunk.org,https://pbs.twimg.com/profile_images/1293184971746680833/7hVffZ6L_normal.jpg,3454,626,1410,,5,2020-07-07T08:04:15,1594109055,,1,1535324530092146688,efaa_fhain,1389663855232626689,1654884867,,,,,2022-06-14T19:52:19.453486,https://twitter.com/fassadenfunk/status/1535500281508777984,,,,,,,,,,efaa_fhain,1389663855232626689,FreeLina
1535324530092146688,1654884867,2022-06-10T18:14:27,efaa_fhain,"Und weiterhin #FreeLina!

4/x",0,1,6,1,de,efaa_fhain,1389663855232626689,1535308113066311685,,,"Friedrichshain, Berlin",,,1389663855232626689,Es fängt an aufzuhören,0,Das ungehobelte Radio-Feuilleton aus Berlin-Fhain! Am 2. Mittwoch im Monat 19-20 Uhr mit Lore & Donny @StudioAnsage | UKW 88.4 Berlin | Stream: https://t.co/lM3tfpTsZS,,https://pbs.twimg.com/profile_images/1391025483601563650/BfQPAy_x_normal.jpg,4884,244,680,,1,2021-05-04T19:31:39,1620156699,retweet,1,,,,,,,,,2022-06-14T19:52:19.453486,https://twitter.com/efaa_fhain/status/1535324530092146688,,,,,,,,,,,,FreeLina
1535397612983025666,1654902291,2022-06-10T23:04:51,Donnaundtapsi,"RT @IuventaCrew: #FreeLina « NoBorders_net: Reminder: #FreeLina ist seit über 500 Tagen in Haft!

Ihr wisst immer noch was zu tun ist, right?!

SOLIKONTO: @RoteHilfeeV DE55 4306 0967 4007 2383 17 BIC: GENODEM1GLS Stichwort: unverzagt

Danke für den Support an @ebonyplusirony! ♥️🖤

Soli-Stuff für #FreeLina gibt's bei uns! https://twitter.com/NoBorders_net/status/1532200362219868161/photo/1 — https://twitter.com/NoBorders_net/status/1532200362219868161 »",0,0,0,0,qht,,,,,,,,,1291342784113397765,Tapsi,0,,,https://abs.twimg.com/sticky/default_profile_images/default_profile_normal.png,20869,102,645,,0,2020-08-06T11:58:23,1596715103,,1,1532450868569817102,IuventaCrew,935565226229096449,1654199733,,,,,2022-06-14T19:52:19.453486,https://twitter.com/Donnaundtapsi/status/1535397612983025666,,,,,,,,,,IuventaCrew,935565226229096449,FreeLina
1532450868569817102,1654199733,2022-06-02T19:55:33,IuventaCrew,"#FreeLina « NoBorders_net: Reminder: #FreeLina ist seit über 500 Tagen in Haft!

Ihr wisst immer noch was zu tun ist, right?!

SOLIKONTO: @RoteHilfeeV DE55 4306 0967 4007 2383 17 BIC: GENODEM1GLS Stichwort: unverzagt

Danke für den Support an @ebonyplusirony! ♥️🖤

Soli-Stuff für #FreeLina gibt's bei uns! https://twitter.com/NoBorders_net/status/1532200362219868161/photo/1 — https://twitter.com/NoBorders_net/status/1532200362219868161 »",0,8,31,0,qht,,,,,,,,,935565226229096449,iuventa-Crew #FightForSolidarity,0,"In 2017 our iuventa was seized, May 2022 our trial has begun....

Sometimes Search And Rescue,
always Solidarity And Resistance!

Abolish Camps And Borders!",https://iuventa-crew.org,https://pbs.twimg.com/profile_images/1527959428070268931/NduP9eFd_normal.jpg,13239,12766,2413,,63,2017-11-28T17:45:06,1511891106,retweet,1,,,,,1532200362219868161,NoBorders_net,1252306912437309441,1654140007,2022-06-14T19:52:19.453486,https://twitter.com/IuventaCrew/status/1532450868569817102,,,,,https://twitter.com/NoBorders_net/status/1532200362219868161,,,,,,,FreeLina
1535396842422280194,1654902108,2022-06-10T23:01:48,Donnaundtapsi,"RT @NoBorders_net: Reminder: #FreeLina ist seit über 500 Tagen in Haft!

Ihr wisst immer noch was zu tun ist, right?!

SOLIKONTO: @RoteHilfeeV DE55 4306 0967 4007 2383 17 BIC: GENODEM1GLS Stichwort: unverzagt

Danke für den Support an @ebonyplusirony! ♥️🖤

Soli-Stuff für #FreeLina gibt's bei uns! https://twitter.com/NoBorders_net/status/1532200362219868161/photo/1",0,0,0,0,de,,,,,,,,,1291342784113397765,Tapsi,0,,,https://abs.twimg.com/sticky/default_profile_images/default_profile_normal.png,20869,102,645,,0,2020-08-06T11:58:23,1596715103,,1,1532200362219868161,NoBorders_net,1252306912437309441,1654140007,,,,,2022-06-14T19:52:19.453486,https://twitter.com/Donnaundtapsi/status/1535396842422280194,,,,,,,,,,NoBorders_net,1252306912437309441,FreeLina
1532200362219868161,1654140007,2022-06-02T03:20:07,NoBorders_net,"Reminder: #FreeLina ist seit über 500 Tagen in Haft!

Ihr wisst immer noch was zu tun ist, right?!

SOLIKONTO: @RoteHilfeeV DE55 4306 0967 4007 2383 17 BIC: GENODEM1GLS Stichwort: unverzagt

Danke für den Support an @ebonyplusirony! ♥️🖤

Soli-Stuff für #FreeLina gibt's bei uns! https://twitter.com/NoBorders_net/status/1532200362219868161/photo/1",0,38,127,2,de,,,,,,"Leipzig, Deutschland",,,1252306912437309441,No Borders Clothing,0,Merch-Dealer eures Vertrauens. Online oder im Shop in Leipzig-Connewitz. #roterstern #mobaction #chemieleipzig #ifc #lonsdale #nonazis,http://www.no-borders.net,https://pbs.twimg.com/profile_images/1491479171213807616/n1m5RuQE_normal.jpg,2082,1740,941,,4,2020-04-20T18:43:38,1587408218,retweet,1,,,,,,,,,2022-06-14T19:52:19.453486,https://twitter.com/NoBorders_net/status/1532200362219868161,,,,,https://twitter.com/NoBorders_net/status/1532200362219868161/photo/1,,,,,RoteHilfeeV|ebonyplusirony,1332344947396272128|4527949647,FreeLina
1535310174373691392,1654881444,2022-06-10T17:17:24,quarrelstrouble,"RT @soliantifaost_: Jan ist frei! 
Ein lesenswerter Rückblick und Ausblick seiner Soligruppe.
#freejan #freelina

https://de.indymedia.org/node/194828",0,0,0,0,de,,,,,,,,,1257636780444200960,Picking quarrels and provoking trouble,0,"Info Account zu autonomen, antikapitalistischen, antiautoritären 
und progressiven kämpfen!",,https://pbs.twimg.com/profile_images/1434443483654328326/pnFO99WN_normal.jpg,1215,634,907,,0,2020-05-05T11:42:55,1588678975,,1,1534926518576627712,soliantifaost_,1431246995717558279,1654789974,,,,,2022-06-14T19:52:19.453486,https://twitter.com/quarrelstrouble/status/1535310174373691392,,,,,https://de.indymedia.org/node/194828,,,,,soliantifaost_,1431246995717558279,freejan|freelina
1534926518576627712,1654789974,2022-06-09T15:52:54,soliantifaost_,"Jan ist frei! 
Ein lesenswerter Rückblick und Ausblick seiner Soligruppe.
#freejan #freelina

https://de.indymedia.org/node/194828",0,12,48,0,de,,,,,,,,,1431246995717558279,Solidaritätsbündnis Antifa Ost,0,"Das Solidaritätsbündnis Antifa Ost hat sich gegründet, um die nach §129 Angeklagten im Antifa Ost-Verfahren solidarisch zu unterstützen.
Wir sind alle Antifa!",https://www.soli-antifa-ost.org/,https://pbs.twimg.com/profile_images/1436242586923065351/WMqqQkGQ_normal.jpg,738,2627,24,,5,2021-08-27T13:27:34,1630070854,retweet,1,,,,,,,,,2022-06-14T19:52:19.453486,https://twitter.com/soliantifaost_/status/1534926518576627712,,,,,https://de.indymedia.org/node/194828,,,,,,,freejan|freelina
1535265052026183680,1654870686,2022-06-10T14:18:06,Kampfzwerg1612,"RT @RassismusT: #le1006 #AntifaOst #FreeLina « antirepinfo_le: Am 10. Juni vor 2 Jahren wurde mit 9 Hausdurchsuchungen eine neue Welle #Repression bekannt. Viele davon fanden in #Connewitz statt.

(Bild: Wolfgang-Heinze-Straße, #Leipzig) https://twitter.com/antirepinfo_le/status/1535247793761263616/photo/1 — https://twitter.com/antirepinfo_le/status/1535247793761263616 »",0,0,0,0,qht,,,,,,,,,1022815330350125056,Kampfi161,0,"spontan, aktiv, für Gleichberechtigung, menschlich...",,https://pbs.twimg.com/profile_images/1349293150632861697/uKni4bHC_normal.jpg,17984,225,910,,1,2018-07-27T12:05:52,1532693152,,1,1535248146552524800,RassismusT,1483786808618016768,1654866656,,,,,2022-06-14T19:52:19.453486,https://twitter.com/Kampfzwerg1612/status/1535265052026183680,,,,,,,,,,RassismusT,1483786808618016768,AntifaOst|FreeLina|le1006
1535248146552524800,1654866656,2022-06-10T13:10:56,RassismusT,"#le1006 #AntifaOst #FreeLina « antirepinfo_le: Am 10. Juni vor 2 Jahren wurde mit 9 Hausdurchsuchungen eine neue Welle #Repression bekannt. Viele davon fanden in #Connewitz statt.

(Bild: Wolfgang-Heinze-Straße, #Leipzig) https://twitter.com/antirepinfo_le/status/1535247793761263616/photo/1 — https://twitter.com/antirepinfo_le/status/1535247793761263616 »",0,1,5,0,qht,,,,,,,,,1483786808618016768,RASSISMUS TÖTET!,0,"Ersatz-Account @RASSISMUSTOETET

Die Kampagne RASSISMUS TÖTET thematisiert kritisch die rassistischen Pogrome Anfang der 90er sowie aktuellen Rassismus.",,https://pbs.twimg.com/profile_images/1483787827171237891/ie8Qt5YM_normal.jpg,9457,1592,1435,,2,2022-01-19T13:02:18,1642597338,retweet,1,,,,,1535247793761263616,antirepinfo_le,1218135118046539776,1654866572,2022-06-14T19:52:19.453486,https://twitter.com/RassismusT/status/1535248146552524800,,,,,https://twitter.com/antirepinfo_le/status/1535247793761263616,,,,,,,AntifaOst|FreeLina|le1006
1535262951497732097,1654870186,2022-06-10T14:09:46,Rattigall,"@BuergerunNormal @ThiloSc @LastKobeAlive Also ich schon. Ist ja nicht so, als hätten wir Mangel an schadhaftem Gesocks.

Im Unterschied zu seiner „Gang“ geht ich der Sache aber gewöhnlich nicht nach.

Trotzdem: #freeLina!",0,0,0,0,de,BuergerunNormal,1478077987761360911,1535135312296517634,,,"Berlin, Deutschland",,,1033940713963175937,RatleR 🗿,0,Nachrichten allgemein Wissenschaft Politik News Digitale Themen & Netzpolitik,,https://pbs.twimg.com/profile_images/1479469303133048834/BWNUS3Rl_normal.jpg,43199,143,287,,5,2018-08-27T04:54:10,1535345650,,1,,,,,,,,,2022-06-14T19:52:19.457475,https://twitter.com/Rattigall/status/1535262951497732097,,,,,,,,,,BuergerunNormal|LastKobeAlive|ThiloSc,1478077987761360911|1174323380625059841|2293097778,freeLina
1535247793761263616,1654866572,2022-06-10T13:09:32,antirepinfo_le,"Am 10. Juni vor 2 Jahren wurde mit 9 Hausdurchsuchungen eine neue Welle #Repression bekannt. Viele davon fanden in #Connewitz statt.

(Bild: Wolfgang-Heinze-Straße, #Leipzig) https://twitter.com/antirepinfo_le/status/1535247793761263616/photo/1",0,11,33,0,de,,,,,,#Leipzig,,,1218135118046539776,ANTIREP INFO Leipzig,0,Informationen zum aktuellen Repressionsgeschehen in Leipzig und bundesweiten Entwicklungen. // Selbst von Repression betroffen? ➞ Rote Hilfe,https://www.instagram.com/antirepinfo_le/,https://pbs.twimg.com/profile_images/1362719428983590917/q8SFYe3K_normal.jpg,582,1516,285,,8,2020-01-17T11:37:06,1579261026,quote,0,,,,,,,,,2022-06-14T19:52:19.457475,https://twitter.com/antirepinfo_le/status/1535247793761263616,,,,,https://twitter.com/antirepinfo_le/status/1535247793761263616/photo/1,,,,,,,Connewitz|Leipzig|Repression
1535239924458434563,1654864696,2022-06-10T12:38:16,MiMaiMix,"Das Highlight des Tages,... soeben publiziert! https://paper.li/MiMaiMix/1386336945?edition_id=32f438f0-e8ba-11ec-b9ac-fa163e1a70d7 Rock on @BERLIN4RUSSIA @RoteHilfeBerlin #freejan #freelina",0,0,0,0,de,,,,,,Berlin,,,191199241,m wie...,0,"Dada@[Syste]MiMaiMi/ck's/x ist das über-Ich; alles andere sind Avatare. Dada bezeichnet die Schule des ästhetischen politischen Arguments, die annimmt, dass ...",http://mimaimix.de/icke,https://pbs.twimg.com/profile_images/378800000097676220/9cdf8f6f210256f138fcc08225fb2bcc_normal.jpeg,25708,383,451,,49,2010-09-15T21:08:10,1284584890,,1,,,,,,,,,2022-06-14T19:52:19.458472,https://twitter.com/MiMaiMix/status/1535239924458434563,,,,,https://paper.li/MiMaiMix/1386336945?edition_id=32f438f0-e8ba-11ec-b9ac-fa163e1a70d7,,,,,BERLIN4RUSSIA|RoteHilfeBerlin,54232520|540279766,freejan|freelina
1535215607154712576,1654858898,2022-06-10T11:01:38,RassismusT,"RT @soliantifaost_: Jan ist frei! 
Ein lesenswerter Rückblick und Ausblick seiner Soligruppe.
#freejan #freelina

https://de.indymedia.org/node/194828",0,0,0,0,de,,,,,,,,,1483786808618016768,RASSISMUS TÖTET!,0,"Ersatz-Account @RASSISMUSTOETET

Die Kampagne RASSISMUS TÖTET thematisiert kritisch die rassistischen Pogrome Anfang der 90er sowie aktuellen Rassismus.",,https://pbs.twimg.com/profile_images/1483787827171237891/ie8Qt5YM_normal.jpg,9457,1592,1435,,2,2022-01-19T13:02:18,1642597338,,1,1534926518576627712,soliantifaost_,1431246995717558279,1654789974,,,,,2022-06-14T19:52:19.459466,https://twitter.com/RassismusT/status/1535215607154712576,,,,,https://de.indymedia.org/node/194828,,,,,soliantifaost_,1431246995717558279,freejan|freelina
1535181474206519296,1654850760,2022-06-10T08:46:00,Klang_Ruinen,"RT @161Taunus: Die AfD erfüllt hier eindeutig den Straftatbestand des 187 StGB.
Meldet den Scheisz.
#FreeLina https://twitter.com/161Taunus/status/1534969854658236439/photo/1",0,0,0,0,de,,,,,,Weltbürger,,,138848359,Klang Ruinen - Ⓐ - #stopthewar #NoWarButClasswar,0,"*Der #Mensch ist frei geboren, und liegt doch überall in Ketten.‘‘ J.-J. Rousseau*  
#AntiD & #AntiImp = anarchist! Ⓐ⚑★🎼

#EBM #Punk #fridaydisco #ruinendisco",http://laut.fm/klangruinen,https://pbs.twimg.com/profile_images/1506955311856431112/28gAq0kD_normal.jpg,302798,3597,4866,,79,2010-04-30T19:51:42,1272657102,,1,1534969854658236439,161Taunus,3622763115,1654800306,,,,,2022-06-14T19:52:19.459466,https://twitter.com/Klang_Ruinen/status/1535181474206519296,,,,,https://twitter.com/161Taunus/status/1534969854658236439/photo/1,,https://pbs.twimg.com/media/FU1O8shWAAEG7O7.jpg,1535181474206519296_FU1O8shWAAEG7O7.jpg,photo,161Taunus,3622763115,FreeLina
1534969854658236439,1654800306,2022-06-09T18:45:06,161Taunus,"Die AfD erfüllt hier eindeutig den Straftatbestand des 187 StGB.
Meldet den Scheisz.
#FreeLina https://twitter.com/161Taunus/status/1534969854658236439/photo/1",0,19,49,5,de,,,,,,"Frankfurt am Main, Deutschland",,,3622763115,Frank Walter,0,"#IamAntifa
Unabhängiger Aktivist und gegen Menschenfeinde jeder Couleur.  Rassisten, Faschos etc. und Acc, die solchen folgen werden geblockt.",,https://pbs.twimg.com/profile_images/1025989554984116224/D6yozgIs_normal.jpg,33529,1678,789,,32,2015-09-11T18:06:19,1441994779,retweet,1,,,,,,,,,2022-06-14T19:52:19.459466,https://twitter.com/161Taunus/status/1534969854658236439,,,,,https://twitter.com/161Taunus/status/1534969854658236439/photo/1,,https://pbs.twimg.com/media/FU1O8shWAAEG7O7.jpg,1534969854658236439_FU1O8shWAAEG7O7.jpg,photo,,,FreeLina
1535181267884556292,1654850711,2022-06-10T08:45:11,PExul23,"RT @161Taunus: Die AfD erfüllt hier eindeutig den Straftatbestand des 187 StGB.
Meldet den Scheisz.
#FreeLina https://twitter.com/161Taunus/status/1534969854658236439/photo/1",0,0,0,0,de,,,,,,Hier,,,1435298788449689607,PhrynusExsul23😷,0,Enough for everyones need 🌍 not everybodys greed,,https://pbs.twimg.com/profile_images/1455653091076984834/H8vrUk32_normal.jpg,39545,445,1188,,6,2021-09-07T18:12:09,1631038329,,1,1534969854658236439,161Taunus,3622763115,1654800306,,,,,2022-06-14T19:52:19.460762,https://twitter.com/PExul23/status/1535181267884556292,,,,,https://twitter.com/161Taunus/status/1534969854658236439/photo/1,,https://pbs.twimg.com/media/FU1O8shWAAEG7O7.jpg,1535181267884556292_FU1O8shWAAEG7O7.jpg,photo,161Taunus,3622763115,FreeLina
1535180808465657856,1654850601,2022-06-10T08:43:21,dare_dems,"RT @161Taunus: Die AfD erfüllt hier eindeutig den Straftatbestand des 187 StGB.
Meldet den Scheisz.
#FreeLina https://twitter.com/161Taunus/status/1534969854658236439/photo/1",0,0,0,0,de,,,,,,Venus,,,292330204,🌈 Horst Trumtin #IStandWithUkraine 🇺🇦,0,"EVERY returning ISS Astronaut said: I Haven’t seen any borders from orbit, just a beautiful blue ball #Resistance he/his #FuckTrump #CarefulPandemicNotOver",,https://pbs.twimg.com/profile_images/1500412769430126593/DRXEoMhe_normal.jpg,209783,3402,5001,,44,2011-05-03T13:43:36,1304430216,,1,1534969854658236439,161Taunus,3622763115,1654800306,,,,,2022-06-14T19:52:19.461792,https://twitter.com/dare_dems/status/1535180808465657856,,,,,https://twitter.com/161Taunus/status/1534969854658236439/photo/1,,https://pbs.twimg.com/media/FU1O8shWAAEG7O7.jpg,1535180808465657856_FU1O8shWAAEG7O7.jpg,photo,161Taunus,3622763115,FreeLina
1535180104925646848,1654850433,2022-06-10T08:40:33,see_hofer,"RT @161Taunus: Die AfD erfüllt hier eindeutig den Straftatbestand des 187 StGB.
Meldet den Scheisz.
#FreeLina https://twitter.com/161Taunus/status/1534969854658236439/photo/1",0,0,0,0,de,,,,,,"Karl-Marx-Stadt, DDR",,,1025489014227435522,Free Lina E.,0,"Wenn ich dich duze, muss das keine Vertrautheit sein, bei einigen mangelt es mir schlicht an Respekt.",,https://pbs.twimg.com/profile_images/1082329257202860034/PWgf4KfZ_normal.jpg,78829,195,106,,0,2018-08-03T21:10:08,1533330608,,1,1534969854658236439,161Taunus,3622763115,1654800306,,,,,2022-06-14T19:52:19.461792,https://twitter.com/see_hofer/status/1535180104925646848,,,,,https://twitter.com/161Taunus/status/1534969854658236439/photo/1,,https://pbs.twimg.com/media/FU1O8shWAAEG7O7.jpg,1535180104925646848_FU1O8shWAAEG7O7.jpg,photo,161Taunus,3622763115,FreeLina
1535158185727823873,1654845207,2022-06-10T07:13:27,coltext,RT @NewcastleAIUK: #FreeLina https://buff.ly/3H59wfr https://twitter.com/NewcastleAIUK/status/1534824129974632448/photo/1,0,0,0,0,und,,,,,,"Gateshead, England",,,18631014,coltext,0,"Blogger, aged cyclist, amateur naturalist, Durham CCC and lapsed NUFC fan, tennis player, junior drummer. All tweets my own. RT ≠ endorsement.",http://colinsnaturediary.blogspot.com/,https://pbs.twimg.com/profile_images/1280411289760792576/sTIzrzel_normal.jpg,7250,197,267,,17,2009-01-05T13:04:45,1231160685,,1,1534824129974632448,NewcastleAIUK,417368255,1654765562,,,,,2022-06-14T19:52:19.461792,https://twitter.com/coltext/status/1535158185727823873,,,,,https://buff.ly/3H59wfr|https://twitter.com/NewcastleAIUK/status/1534824129974632448/photo/1,,https://pbs.twimg.com/media/FUzKaVtWUAERYIM.jpg,1535158185727823873_FUzKaVtWUAERYIM.jpg,photo,NewcastleAIUK,417368255,FreeLina
1534824129974632448,1654765562,2022-06-09T09:06:02,NewcastleAIUK,#FreeLina https://buff.ly/3H59wfr https://twitter.com/NewcastleAIUK/status/1534824129974632448/photo/1,0,1,1,0,und,,,,,,"Amnesty Book Shop, Newcastle",,,417368255,Newcastle Amnesty,0,See our facebook page https://t.co/36qUWAvJHm or sign up to receive regular updates at newcastleamnestyinternational@gmail.com,,https://pbs.twimg.com/profile_images/696080544598130688/kYxkVV8L_normal.png,3082,784,367,,18,2011-11-20T21:06:02,1321823162,retweet,1,,,,,,,,,2022-06-14T19:52:19.461792,https://twitter.com/NewcastleAIUK/status/1534824129974632448,,,,,https://buff.ly/3H59wfr|https://twitter.com/NewcastleAIUK/status/1534824129974632448/photo/1,,https://pbs.twimg.com/media/FUzKaVtWUAERYIM.jpg,1534824129974632448_FUzKaVtWUAERYIM.jpg,photo,,,FreeLina
1535153977402204161,1654844204,2022-06-10T06:56:44,branden_lissy,"RT @161Taunus: Die AfD erfüllt hier eindeutig den Straftatbestand des 187 StGB.
Meldet den Scheisz.
#FreeLina https://twitter.com/161Taunus/status/1534969854658236439/photo/1",0,0,0,0,de,,,,,,"Rhein-Neckar-Kreis, Baden-Würt",,,1208457068698591232,Elisabeth Brandenburger,0,,,https://pbs.twimg.com/profile_images/1397989031863009283/ixxAVeqt_normal.jpg,52806,678,511,,1,2019-12-21T18:40:41,1576953641,,1,1534969854658236439,161Taunus,3622763115,1654800306,,,,,2022-06-14T19:52:19.461792,https://twitter.com/branden_lissy/status/1535153977402204161,,,,,https://twitter.com/161Taunus/status/1534969854658236439/photo/1,,https://pbs.twimg.com/media/FU1O8shWAAEG7O7.jpg,1535153977402204161_FU1O8shWAAEG7O7.jpg,photo,161Taunus,3622763115,FreeLina
1535141419744219139,1654841210,2022-06-10T06:06:50,_sleepy_K,"RT @JKasek: Im Prozess gegen #LinaE bzw #freelina sitzen jetzt mehr Zeugen im Knast als angebliche Täter:innen, plus weitere Ermittlungsverfahren gegen Ermittlungsbeamte, die Daten an Rechtsextreme weitergegeben haben. Der Prozess schon jetzt eine Farce.
#NazissindkeineOpfer #freeLina",0,0,0,0,de,,,,,,das andere Sachsen,,,963903242118860800,KG,0,macht mal Pause,,https://pbs.twimg.com/profile_images/1372470902764503041/9hqNwqHx_normal.jpg,31220,415,1717,,0,2018-02-14T22:30:16,1518647416,,1,1532369284319653890,JKasek,52373515,1654180282,,,,,2022-06-14T19:52:19.461792,https://twitter.com/_sleepy_K/status/1535141419744219139,,,,,,,,,,JKasek,52373515,LinaE|freelina
1532369284319653890,1654180282,2022-06-02T14:31:22,JKasek,"Im Prozess gegen #LinaE bzw #freelina sitzen jetzt mehr Zeugen im Knast als angebliche Täter:innen, plus weitere Ermittlungsverfahren gegen Ermittlungsbeamte, die Daten an Rechtsextreme weitergegeben haben. Der Prozess schon jetzt eine Farce.
#NazissindkeineOpfer #freeLina",0,288,1406,11,de,,,,,,Leipzig,,,52373515,Jürgen Kasek,1,"Stadtrat Leipzig, Lawyer, Rechtsanwalt, Umweltschützer, Blogger 
Privater Acc
Telegramm: https://t.co/UMAftidphJ
Instagram: https://t.co/xIeMZKGnJG",http://www.rechtsanwalt-kasek.de,https://pbs.twimg.com/profile_images/370048800/twitterProfilePhoto_normal.jpg,68161,21039,3634,,378,2009-06-30T11:49:25,1246362565,retweet,1,,,,,,,,,2022-06-14T19:52:19.461792,https://twitter.com/JKasek/status/1532369284319653890,,,,,,,,,,,,LinaE|NazissindkeineOpfer|freeLina|freelina
1535024481814695956,1654813330,2022-06-09T22:22:10,kiba_15shi3ro,"RT @161Taunus: Die AfD erfüllt hier eindeutig den Straftatbestand des 187 StGB.
Meldet den Scheisz.
#FreeLina https://twitter.com/161Taunus/status/1534969854658236439/photo/1",0,0,0,0,de,,,,,,,,,1319413975596044288,🔴キバshiro_chan🔴,0,"#LebenRetten
#yestonocovid 
#zerocovid
#quattromob",,https://pbs.twimg.com/profile_images/1500145780551827463/u3FHxcxM_normal.jpg,39118,32,108,,0,2020-10-22T23:04:03,1603407843,,1,1534969854658236439,161Taunus,3622763115,1654800306,,,,,2022-06-14T19:52:19.461792,https://twitter.com/kiba_15shi3ro/status/1535024481814695956,,,,,https://twitter.com/161Taunus/status/1534969854658236439/photo/1,,https://pbs.twimg.com/media/FU1O8shWAAEG7O7.jpg,1535024481814695956_FU1O8shWAAEG7O7.jpg,photo,161Taunus,3622763115,FreeLina
1535014336871161876,1654810911,2022-06-09T21:41:51,RoteHilfeBerlin,"RT @soliantifaost_: Jan ist frei! 
Ein lesenswerter Rückblick und Ausblick seiner Soligruppe.
#freejan #freelina

https://de.indymedia.org/node/194828",0,0,0,0,de,,,,,,Berlin,,,540279766,Rote Hilfe OG Berlin,0,Informationen und Termine der Roten Hilfe Ortsgruppe Berlin. Kontakt bitte über verschlüsselte E-Mail oder persönlich.,http://berlin.rote-hilfe.de,https://pbs.twimg.com/profile_images/777403166673498112/twBt47Ad_normal.jpg,361,5836,430,,37,2012-03-29T21:09:35,1333055375,,1,1534926518576627712,soliantifaost_,1431246995717558279,1654789974,,,,,2022-06-14T19:52:19.464482,https://twitter.com/RoteHilfeBerlin/status/1535014336871161876,,,,,https://de.indymedia.org/node/194828,,,,,soliantifaost_,1431246995717558279,freejan|freelina
1535007947230699537,1654809388,2022-06-09T21:16:28,SpassGuerrilla,"RT @soliantifaost_: Jan ist frei! 
Ein lesenswerter Rückblick und Ausblick seiner Soligruppe.
#freejan #freelina

https://de.indymedia.org/node/194828",0,0,0,0,de,,,,,,Deutschland,,,1471443326972968967,Spaßguerrilla,0,"Hier könnte ihre Werbung stehen.

Pronomen: Er/Egal",,https://pbs.twimg.com/profile_images/1509940628154732551/8ilrFmAm_normal.jpg,6396,156,307,,2,2021-12-16T11:36:51,1639654611,,1,1534926518576627712,soliantifaost_,1431246995717558279,1654789974,,,,,2022-06-14T19:52:19.465679,https://twitter.com/SpassGuerrilla/status/1535007947230699537,,,,,https://de.indymedia.org/node/194828,,,,,soliantifaost_,1431246995717558279,freejan|freelina
1535006184872239122,1654808968,2022-06-09T21:09:28,dermagle,"RT @soliantifaost_: Jan ist frei! 
Ein lesenswerter Rückblick und Ausblick seiner Soligruppe.
#freejan #freelina

https://de.indymedia.org/node/194828",0,0,0,0,de,,,,,,,,,757927791421689856,★eIмαɢIeмαɢIe★,0,,,https://pbs.twimg.com/profile_images/757937491710189568/ktrgp6Jc_normal.jpg,46211,1094,1638,,1,2016-07-26T13:17:21,1469539041,,1,1534926518576627712,soliantifaost_,1431246995717558279,1654789974,,,,,2022-06-14T19:52:19.465679,https://twitter.com/dermagle/status/1535006184872239122,,,,,https://de.indymedia.org/node/194828,,,,,soliantifaost_,1431246995717558279,freejan|freelina
1535005045602893825,1654808696,2022-06-09T21:04:56,Donnaundtapsi,"RT @soliantifaost_: Jan ist frei! 
Ein lesenswerter Rückblick und Ausblick seiner Soligruppe.
#freejan #freelina

https://de.indymedia.org/node/194828",0,0,0,0,de,,,,,,,,,1291342784113397765,Tapsi,0,,,https://abs.twimg.com/sticky/default_profile_images/default_profile_normal.png,20869,102,645,,0,2020-08-06T11:58:23,1596715103,,1,1534926518576627712,soliantifaost_,1431246995717558279,1654789974,,,,,2022-06-14T19:52:19.466706,https://twitter.com/Donnaundtapsi/status/1535005045602893825,,,,,https://de.indymedia.org/node/194828,,,,,soliantifaost_,1431246995717558279,freejan|freelina
1534999319157395457,1654807331,2022-06-09T20:42:11,HalbGebacken,"RT @soliantifaost_: Jan ist frei! 
Ein lesenswerter Rückblick und Ausblick seiner Soligruppe.
#freejan #freelina

https://de.indymedia.org/node/194828",0,0,0,0,de,,,,,,Dortmund,,,3159865437,Halb Gebacken,0,,,https://pbs.twimg.com/profile_images/587256329917620225/m59ShuWL_normal.jpg,5581,91,441,,5,2015-04-12T14:07:21,1428847641,,1,1534926518576627712,soliantifaost_,1431246995717558279,1654789974,,,,,2022-06-14T19:52:19.466706,https://twitter.com/HalbGebacken/status/1534999319157395457,,,,,https://de.indymedia.org/node/194828,,,,,soliantifaost_,1431246995717558279,freejan|freelina
1534997180930527232,1654806821,2022-06-09T20:33:41,RonPat23,"RT @161Taunus: Die AfD erfüllt hier eindeutig den Straftatbestand des 187 StGB.
Meldet den Scheisz.
#FreeLina https://twitter.com/161Taunus/status/1534969854658236439/photo/1",0,0,0,0,de,,,,,,Planet ET-463 gegen Gewalt,,,1492790548045910016,RonPat™ Pirat bin #FreePatronRX,0,"#Antifa
#SaveyourInternet #noAfd 
Demokratie und Freiheit, Freie Meinung
#FuckQuerdenken #FckQ #FckNazi
@PatronRX@kif.rocks  Mastodon Acc
#GegenRassismus",https://t.me/FaktenundQuellen,https://pbs.twimg.com/profile_images/1492797909099819011/L-Gu0Spe_normal.jpg,6538,1350,1733,,2,2022-02-13T09:20:03,1644744003,,1,1534969854658236439,161Taunus,3622763115,1654800306,,,,,2022-06-14T19:52:19.466706,https://twitter.com/RonPat23/status/1534997180930527232,,,,,https://twitter.com/161Taunus/status/1534969854658236439/photo/1,,https://pbs.twimg.com/media/FU1O8shWAAEG7O7.jpg,1534997180930527232_FU1O8shWAAEG7O7.jpg,photo,161Taunus,3622763115,FreeLina
1534995304222801958,1654806374,2022-06-09T20:26:14,dagmarmangold4,"RT @161Taunus: Die AfD erfüllt hier eindeutig den Straftatbestand des 187 StGB.
Meldet den Scheisz.
#FreeLina https://twitter.com/161Taunus/status/1534969854658236439/photo/1",0,0,0,0,de,,,,,,"Mönchengladbach, Deutschland",,,1501950551335915520,Dagmar Mangold,0,"Bilanzbuchhalterin, stolze Oma, lebe mit Tochter, Schwiegersohn und Enkelin sowie Kater zusammen - bin Grünenwählerin seit 1982,  Team Ukraine #noafd",,https://pbs.twimg.com/profile_images/1528014534342070272/p2PsDiOk_normal.jpg,23523,215,302,,0,2022-03-10T15:58:26,1646927906,,1,1534969854658236439,161Taunus,3622763115,1654800306,,,,,2022-06-14T19:52:19.466706,https://twitter.com/dagmarmangold4/status/1534995304222801958,,,,,https://twitter.com/161Taunus/status/1534969854658236439/photo/1,,https://pbs.twimg.com/media/FU1O8shWAAEG7O7.jpg,1534995304222801958_FU1O8shWAAEG7O7.jpg,photo,161Taunus,3622763115,FreeLina
1534992864811401234,1654805792,2022-06-09T20:16:32,donner_mizzi,"RT @soliantifaost_: Jan ist frei! 
Ein lesenswerter Rückblick und Ausblick seiner Soligruppe.
#freejan #freelina

https://de.indymedia.org/node/194828",0,0,0,0,de,,,,,,,,,4830939381,Mizzi Donnerschlag,0,,,https://pbs.twimg.com/profile_images/689948563544133633/Vb8qUbRH_normal.jpg,108361,482,166,,13,2016-01-20T22:38:54,1453329534,,1,1534926518576627712,soliantifaost_,1431246995717558279,1654789974,,,,,2022-06-14T19:52:19.466706,https://twitter.com/donner_mizzi/status/1534992864811401234,,,,,https://de.indymedia.org/node/194828,,,,,soliantifaost_,1431246995717558279,freejan|freelina
1534980087086469120,1654802745,2022-06-09T19:25:45,von_bri,"RT @161Taunus: Die AfD erfüllt hier eindeutig den Straftatbestand des 187 StGB.
Meldet den Scheisz.
#FreeLina https://twitter.com/161Taunus/status/1534969854658236439/photo/1",0,0,0,0,de,,,,,,,,,880361069306425344,Feiner Buchstoff - von den üblichen Verdächtigen,0,Bibliophage Musikliebhaberin / zoon politicon 🙋‍♀️🎸📚🇺🇦,http://www.feinerreinerbuchstoff.blog,https://pbs.twimg.com/profile_images/1267926977815724034/vKUe6UpE_normal.jpg,12379,362,384,,8,2017-06-29T09:43:30,1498729410,,1,1534969854658236439,161Taunus,3622763115,1654800306,,,,,2022-06-14T19:52:19.466706,https://twitter.com/von_bri/status/1534980087086469120,,,,,https://twitter.com/161Taunus/status/1534969854658236439/photo/1,,https://pbs.twimg.com/media/FU1O8shWAAEG7O7.jpg,1534980087086469120_FU1O8shWAAEG7O7.jpg,photo,161Taunus,3622763115,FreeLina
1534978322798628864,1654802325,2022-06-09T19:18:45,frueherhbv,"RT @161Taunus: Die AfD erfüllt hier eindeutig den Straftatbestand des 187 StGB.
Meldet den Scheisz.
#FreeLina https://twitter.com/161Taunus/status/1534969854658236439/photo/1",0,0,0,0,de,,,,,,,,,3179712493,Frau Z.🔴,0,,,https://pbs.twimg.com/profile_images/915514281696874496/VQ1WSB2u_normal.jpg,27004,163,406,,0,2015-04-29T20:09:32,1430338172,,1,1534969854658236439,161Taunus,3622763115,1654800306,,,,,2022-06-14T19:52:19.466706,https://twitter.com/frueherhbv/status/1534978322798628864,,,,,https://twitter.com/161Taunus/status/1534969854658236439/photo/1,,https://pbs.twimg.com/media/FU1O8shWAAEG7O7.jpg,1534978322798628864_FU1O8shWAAEG7O7.jpg,photo,161Taunus,3622763115,FreeLina
1534978113226121217,1654802275,2022-06-09T19:17:55,Benni207,"RT @161Taunus: Die AfD erfüllt hier eindeutig den Straftatbestand des 187 StGB.
Meldet den Scheisz.
#FreeLina https://twitter.com/161Taunus/status/1534969854658236439/photo/1",0,0,0,0,de,,,,,,,,,1436641951500185600,Benni,0,,,https://pbs.twimg.com/profile_images/1473623260034179073/cgghv7s0_normal.jpg,2016,56,349,,0,2021-09-11T10:45:21,1631357121,,1,1534969854658236439,161Taunus,3622763115,1654800306,,,,,2022-06-14T19:52:19.466706,https://twitter.com/Benni207/status/1534978113226121217,,,,,https://twitter.com/161Taunus/status/1534969854658236439/photo/1,,https://pbs.twimg.com/media/FU1O8shWAAEG7O7.jpg,1534978113226121217_FU1O8shWAAEG7O7.jpg,photo,161Taunus,3622763115,FreeLina
1534978032640970752,1654802256,2022-06-09T19:17:36,Blubbidiblubbb1,"RT @161Taunus: Die AfD erfüllt hier eindeutig den Straftatbestand des 187 StGB.
Meldet den Scheisz.
#FreeLina https://twitter.com/161Taunus/status/1534969854658236439/photo/1",0,0,0,0,de,,,,,,,,,1488937122216259584,Blubbidiblubbblubb,0,#noAFD #noFDP #Maskeschützt #Klimaschutz #Armut,https://www.amazon.de/hz/wishlist/ls/10OCJ0STXCK7V?r,https://pbs.twimg.com/profile_images/1522302011299012614/WiEcGPiU_normal.jpg,9638,102,228,,1,2022-02-02T18:07:45,1643825265,,1,1534969854658236439,161Taunus,3622763115,1654800306,,,,,2022-06-14T19:52:19.466706,https://twitter.com/Blubbidiblubbb1/status/1534978032640970752,,,,,https://twitter.com/161Taunus/status/1534969854658236439/photo/1,,https://pbs.twimg.com/media/FU1O8shWAAEG7O7.jpg,1534978032640970752_FU1O8shWAAEG7O7.jpg,photo,161Taunus,3622763115,FreeLina
1534974338172174361,1654801375,2022-06-09T19:02:55,Linksrutscher,"RT @161Taunus: Die AfD erfüllt hier eindeutig den Straftatbestand des 187 StGB.
Meldet den Scheisz.
#FreeLina https://twitter.com/161Taunus/status/1534969854658236439/photo/1",0,0,0,0,de,,,,,,,,,1162545931,Linksrutscher 🇺🇦,0,"💉💉💉Drohnenpilot; Naziallergiker; linksgrünversifft.

Schwurbler, Nazis und Idioten, die Müll verbreiten oder mich auf Listen schreiben, werden blockiert.",,https://pbs.twimg.com/profile_images/1503643913655132165/ZpBfp17y_normal.jpg,6509,266,100,,0,2013-02-09T10:05:47,1360404347,,1,1534969854658236439,161Taunus,3622763115,1654800306,,,,,2022-06-14T19:52:19.466706,https://twitter.com/Linksrutscher/status/1534974338172174361,,,,,https://twitter.com/161Taunus/status/1534969854658236439/photo/1,,https://pbs.twimg.com/media/FU1O8shWAAEG7O7.jpg,1534974338172174361_FU1O8shWAAEG7O7.jpg,photo,161Taunus,3622763115,FreeLina
1534973164526129198,1654801095,2022-06-09T18:58:15,watchingyou81,"RT @161Taunus: Die AfD erfüllt hier eindeutig den Straftatbestand des 187 StGB.
Meldet den Scheisz.
#FreeLina https://twitter.com/161Taunus/status/1534969854658236439/photo/1",0,0,0,0,de,,,,,,,,,733576813243301888,No Hate! Gegen jeden Antisemitismus und Rassismus!,0,"„No Hate!“ steht gegen jeden Antisemitismus, Rassismus, Faschismus, Nationalismus, Sexismus, und jede Form von Menschenfeindlichkeit im Netz und anderswo!",,https://pbs.twimg.com/profile_images/1199347087873200130/LSd9OLAG_normal.jpg,188564,6228,1585,,73,2016-05-20T08:35:16,1463733316,,1,1534969854658236439,161Taunus,3622763115,1654800306,,,,,2022-06-14T19:52:19.466706,https://twitter.com/watchingyou81/status/1534973164526129198,,,,,https://twitter.com/161Taunus/status/1534969854658236439/photo/1,,https://pbs.twimg.com/media/FU1O8shWAAEG7O7.jpg,1534973164526129198_FU1O8shWAAEG7O7.jpg,photo,161Taunus,3622763115,FreeLina
1534973062495490071,1654801071,2022-06-09T18:57:51,UlrikeNRW,"RT @161Taunus: Die AfD erfüllt hier eindeutig den Straftatbestand des 187 StGB.
Meldet den Scheisz.
#FreeLina https://twitter.com/161Taunus/status/1534969854658236439/photo/1",0,0,0,0,de,,,,,,Deutschland,,,1378365743851569158,SchlummerEule 🌏😷🇩🇪🇪🇺,0,"#StolzeMama
#ADHS
#Depression
#NoAFD
#NoNazis 
#Homeoffice
#StandWithUkraine 💛💙🖤
#DieMaskebleibtauf",,https://pbs.twimg.com/profile_images/1513593677456809984/DJQSETBy_normal.jpg,10060,571,1394,,1,2021-04-03T15:16:26,1617462986,,1,1534969854658236439,161Taunus,3622763115,1654800306,,,,,2022-06-14T19:52:19.471479,https://twitter.com/UlrikeNRW/status/1534973062495490071,,,,,https://twitter.com/161Taunus/status/1534969854658236439/photo/1,,https://pbs.twimg.com/media/FU1O8shWAAEG7O7.jpg,1534973062495490071_FU1O8shWAAEG7O7.jpg,photo,161Taunus,3622763115,FreeLina
1534972782387286034,1654801004,2022-06-09T18:56:44,DdorfAntifa,"RT @161Taunus: Die AfD erfüllt hier eindeutig den Straftatbestand des 187 StGB.
Meldet den Scheisz.
#FreeLina https://twitter.com/161Taunus/status/1534969854658236439/photo/1",0,0,0,0,de,,,,,,,,,1488821991599751171,Dorf Antifa an der Düssel,0,Und was hat der Staat gemacht? War in einer Sitzung und hat sich am Arsch gekratzt.,,https://pbs.twimg.com/profile_images/1488830959667625985/wP213Nm0_normal.png,8886,355,445,,3,2022-02-02T10:30:28,1643797828,,1,1534969854658236439,161Taunus,3622763115,1654800306,,,,,2022-06-14T19:52:19.471479,https://twitter.com/DdorfAntifa/status/1534972782387286034,,,,,https://twitter.com/161Taunus/status/1534969854658236439/photo/1,,https://pbs.twimg.com/media/FU1O8shWAAEG7O7.jpg,1534972782387286034_FU1O8shWAAEG7O7.jpg,photo,161Taunus,3622763115,FreeLina
1534971434409373696,1654800683,2022-06-09T18:51:23,ErdemYil2013,"RT @161Taunus: Die AfD erfüllt hier eindeutig den Straftatbestand des 187 StGB.
Meldet den Scheisz.
#FreeLina https://twitter.com/161Taunus/status/1534969854658236439/photo/1",0,0,0,0,de,,,,,,"Hamburg, Deutschland",,,1481186564126433286,Jiyan510,0,NE MUTLU KÜRDÜM DIYENE,,https://pbs.twimg.com/profile_images/1481186805819092994/uZDEiSGf_normal.jpg,1979,14,329,,0,2022-01-12T08:49:55,1641977395,,1,1534969854658236439,161Taunus,3622763115,1654800306,,,,,2022-06-14T19:52:19.472505,https://twitter.com/ErdemYil2013/status/1534971434409373696,,,,,https://twitter.com/161Taunus/status/1534969854658236439/photo/1,,https://pbs.twimg.com/media/FU1O8shWAAEG7O7.jpg,1534971434409373696_FU1O8shWAAEG7O7.jpg,photo,161Taunus,3622763115,FreeLina
1534970352270462996,1654800425,2022-06-09T18:47:05,Gegen_die_AfD,"RT @161Taunus: Die AfD erfüllt hier eindeutig den Straftatbestand des 187 StGB.
Meldet den Scheisz.
#FreeLina https://twitter.com/161Taunus/status/1534969854658236439/photo/1",0,0,0,0,de,,,,,,Watch your Back - Nazi ,,,4258786649,Gegen die AfD,0,"Folgt uns bei #Mastodon
@gdafd@mastodon.social 
#NoNazis #NoAfD",https://www.facebook.com/GegenDieAlternativeFuerDeutschland/,https://pbs.twimg.com/profile_images/668849145197629440/-WrbrdnT_normal.jpg,58397,23230,1870,,140,2015-11-23T17:41:28,1448300488,,1,1534969854658236439,161Taunus,3622763115,1654800306,,,,,2022-06-14T19:52:19.472505,https://twitter.com/Gegen_die_AfD/status/1534970352270462996,,,,,https://twitter.com/161Taunus/status/1534969854658236439/photo/1,,https://pbs.twimg.com/media/FU1O8shWAAEG7O7.jpg,1534970352270462996_FU1O8shWAAEG7O7.jpg,photo,161Taunus,3622763115,FreeLina
1534970218895790095,1654800393,2022-06-09T18:46:33,PROMEENZ,"RT @161Taunus: Die AfD erfüllt hier eindeutig den Straftatbestand des 187 StGB.
Meldet den Scheisz.
#FreeLina https://twitter.com/161Taunus/status/1534969854658236439/photo/1",0,0,0,0,de,,,,,,"MEENZ, WO SUNDSCHD!?!",,,504648110,PRO MEENZ,0,"PRO MEENZ: PRO #TOLERANZ, PRO #INTEGRATION, PRO #INKLUSION, PRO #KULTUR, PRO #KUNST & #CRITICALMASS in #Mainz
Momentan gepflegt von @HHerrnbrodt.",,https://pbs.twimg.com/profile_images/1510694249615998984/77aBAog0_normal.jpg,103090,2456,4995,,64,2012-02-26T15:35:34,1330270534,,1,1534969854658236439,161Taunus,3622763115,1654800306,,,,,2022-06-14T19:52:19.473506,https://twitter.com/PROMEENZ/status/1534970218895790095,,,,,https://twitter.com/161Taunus/status/1534969854658236439/photo/1,,https://pbs.twimg.com/media/FU1O8shWAAEG7O7.jpg,1534970218895790095_FU1O8shWAAEG7O7.jpg,photo,161Taunus,3622763115,FreeLina
1534951787626651649,1654795998,2022-06-09T17:33:18,sinter959,"RT @Schulstreik2021: Angriff auf sächsische Landesvertretung: Bekennerschreiben https://www.berliner-zeitung.de/politik-gesellschaft/angriff-auf-sachsische-landesvertretung-bekennerschreiben-li.234701 

""Dieses Verhalten ist durch nichts zu entschuldigen.“ Der Rechtsstaat werde die Tat verfolgen.... Clemens.

Welcher Rechtsstaat? 
#FreeLina #Repression #Polizeiproblem",0,0,0,0,de,,,,,,Milchstraße,,,3776000483,Robert Schneider,0,Probiotisch anders,,https://pbs.twimg.com/profile_images/647555693403312128/kxWAUvmO_normal.jpg,75823,882,2202,,7,2015-09-25T23:33:29,1443224009,,1,1534949288685486080,Schulstreik2021,1346643532996603904,1654795403,,,,,2022-06-14T19:52:19.473506,https://twitter.com/sinter959/status/1534951787626651649,,,,,https://www.berliner-zeitung.de/politik-gesellschaft/angriff-auf-sachsische-landesvertretung-bekennerschreiben-li.234701,,,,,Schulstreik2021,1346643532996603904,
1534949288685486080,1654795403,2022-06-09T17:23:23,Schulstreik2021,"Angriff auf sächsische Landesvertretung: Bekennerschreiben https://www.berliner-zeitung.de/politik-gesellschaft/angriff-auf-sachsische-landesvertretung-bekennerschreiben-li.234701 

""Dieses Verhalten ist durch nichts zu entschuldigen.“ Der Rechtsstaat werde die Tat verfolgen.... Clemens.

Welcher Rechtsstaat? 
#FreeLina #Repression #Polizeiproblem",0,2,2,0,de,,,,,,"Sachsen, Leipzig, 7030",,,1346643532996603904,SickOfThisShit 🏴 #FreeLina,0,,https://www.change.org/SchulstreikSachsen2021,https://pbs.twimg.com/profile_images/1475403582627364864/gUIK9NKZ_normal.jpg,23048,1598,878,,16,2021-01-06T02:23:55,1609899835,retweet,1,,,,,,,,,2022-06-14T19:52:19.473506,https://twitter.com/Schulstreik2021/status/1534949288685486080,,,,,https://www.berliner-zeitung.de/politik-gesellschaft/angriff-auf-sachsische-landesvertretung-bekennerschreiben-li.234701,,,,,,,FreeLina|Polizeiproblem|Repression
1534950981838028800,1654795806,2022-06-09T17:30:06,Demokratiewatc1,"RT @Schulstreik2021: Angriff auf sächsische Landesvertretung: Bekennerschreiben https://www.berliner-zeitung.de/politik-gesellschaft/angriff-auf-sachsische-landesvertretung-bekennerschreiben-li.234701 

""Dieses Verhalten ist durch nichts zu entschuldigen.“ Der Rechtsstaat werde die Tat verfolgen.... Clemens.

Welcher Rechtsstaat? 
#FreeLina #Repression #Polizeiproblem",0,0,0,0,de,,,,,,"Dortmund, Earth, MilkyWay",,,1502305334169325569,Demokratie watchdog,0,"Vor jedem Tweet steht ein mMn. Es sind meine Meinungsäußerungen, nicht Tatsachenbehauptungen. Gegen die Anwälte.
Alles hier ist mit Mittelfingern geschrieben.",,https://pbs.twimg.com/profile_images/1524364564426600448/CodEk1CY_normal.jpg,32016,256,473,,0,2022-03-11T15:28:46,1647012526,,1,1534949288685486080,Schulstreik2021,1346643532996603904,1654795403,,,,,2022-06-14T19:52:19.473506,https://twitter.com/Demokratiewatc1/status/1534950981838028800,,,,,https://www.berliner-zeitung.de/politik-gesellschaft/angriff-auf-sachsische-landesvertretung-bekennerschreiben-li.234701,,,,,Schulstreik2021,1346643532996603904,
1534942217554612225,1654793717,2022-06-09T16:55:17,_crimsonpirate,"RT @soliantifaost_: Jan ist frei! 
Ein lesenswerter Rückblick und Ausblick seiner Soligruppe.
#freejan #freelina

https://de.indymedia.org/node/194828",0,0,0,0,de,,,,,,,,,1017053113470144513,CrimsonPirate,0,Manchmal kann ich einfach nicht die Fresse halten ...,,https://pbs.twimg.com/profile_images/1152165102835183616/mOwE5rq2_normal.png,56535,293,551,,2,2018-07-11T14:28:52,1531319332,,1,1534926518576627712,soliantifaost_,1431246995717558279,1654789974,,,,,2022-06-14T19:52:19.473506,https://twitter.com/_crimsonpirate/status/1534942217554612225,,,,,https://de.indymedia.org/node/194828,,,,,soliantifaost_,1431246995717558279,freejan|freelina
1534932054864953344,1654791294,2022-06-09T16:14:54,SchwarzePalmen,"RT @soliantifaost_: Jan ist frei! 
Ein lesenswerter Rückblick und Ausblick seiner Soligruppe.
#freejan #freelina

https://de.indymedia.org/node/194828",0,0,0,0,de,,,,,,,,,922352743284658176,Nicola Sacco,0,"Anarchismus, Antifa und Beauty-Tipps aus Berlin. Für bunte Blöcke, schwarze Herzen, eine bessere Welt, und gegen Craft Beer.",,https://pbs.twimg.com/profile_images/922360699455545344/sB8u8ivq_normal.jpg,58642,7521,986,,69,2017-10-23T06:43:25,1508741005,,1,1534926518576627712,soliantifaost_,1431246995717558279,1654789974,,,,,2022-06-14T19:52:19.476321,https://twitter.com/SchwarzePalmen/status/1534932054864953344,,,,,https://de.indymedia.org/node/194828,,,,,soliantifaost_,1431246995717558279,freejan|freelina
1534931154352148482,1654791079,2022-06-09T16:11:19,t4mike_berlin,"RT @soliantifaost_: Jan ist frei! 
Ein lesenswerter Rückblick und Ausblick seiner Soligruppe.
#freejan #freelina

https://de.indymedia.org/node/194828",0,0,0,0,de,,,,,,Nirgendwo,,,1004425774982729730,mike_berlin,0,Legal - Egal -Scheißegal 🏴,,https://pbs.twimg.com/profile_images/1509896904418762752/b7AuGShQ_normal.jpg,90618,4082,954,,34,2018-06-06T18:12:20,1528308740,,1,1534926518576627712,soliantifaost_,1431246995717558279,1654789974,,,,,2022-06-14T19:52:19.476321,https://twitter.com/t4mike_berlin/status/1534931154352148482,,,,,https://de.indymedia.org/node/194828,,,,,soliantifaost_,1431246995717558279,freejan|freelina
1534929069778821120,1654790582,2022-06-09T16:03:02,iljahpunkt,"RT @soliantifaost_: Jan ist frei! 
Ein lesenswerter Rückblick und Ausblick seiner Soligruppe.
#freejan #freelina

https://de.indymedia.org/node/194828",0,0,0,0,de,,,,,,,,,1254480760196739072,iLja,0,vogliamo tutto - HU - Kreuzberg,,https://pbs.twimg.com/profile_images/1497551810281803779/rgUzroLF_normal.jpg,13442,285,1369,,1,2020-04-26T18:41:43,1587926503,,1,1534926518576627712,soliantifaost_,1431246995717558279,1654789974,,,,,2022-06-14T19:52:19.477318,https://twitter.com/iljahpunkt/status/1534929069778821120,,,,,https://de.indymedia.org/node/194828,,,,,soliantifaost_,1431246995717558279,freejan|freelina
1534852281430069250,1654772274,2022-06-09T10:57:54,Tigerleopard5,RT @MeyeringAndreas: @Ella_1044 @FurgolGuenter Ach du kacke !!!  #FreeMorlock #FreeLina,0,0,0,0,de,,,,,,Iwo im Niwo,,,1485264512576102407,☬⑦④⑤⑤Ⓜ④Ⓝ①④©™☬,0,🇩🇪Patriot ♒💙Afd💙Putin & Trump👍 ♥️🐈     🛡️⚔️ #TeamNoNWO #TeamUngeimpft ⚔️🛡️,,https://pbs.twimg.com/profile_images/1508535424595238914/ZRctEdSW_normal.jpg,11477,2008,3121,,0,2022-01-23T14:54:08,1642949648,,1,1534850482535124993,MeyeringAndreas,1428375039695589379,1654771845,,,,,2022-06-14T19:52:19.478344,https://twitter.com/Tigerleopard5/status/1534852281430069250,,,,,,,,,,Ella_1044|FurgolGuenter|MeyeringAndreas,1494051706581262338|1058776440068542464|1428375039695589379,FreeLina|FreeMorlock
1534850482535124993,1654771845,2022-06-09T10:50:45,MeyeringAndreas,@Ella_1044 @FurgolGuenter Ach du kacke !!!  #FreeMorlock #FreeLina,0,1,3,0,de,Ella_1044,1494051706581262338,1534849360713895936,,,West  Coast - Emsland,,,1428375039695589379,Andreas Meyering 🇳🇱 #TeamFreiheit,0,With the corona virus we have found a weapon against capitalism and to combat climate change !!,,https://pbs.twimg.com/profile_images/1437592831560978437/ZFJ7isi-_normal.jpg,13670,1738,1594,,3,2021-08-19T15:16:11,1629386171,retweet,1,,,,,,,,,2022-06-14T19:52:19.478344,https://twitter.com/MeyeringAndreas/status/1534850482535124993,,,,,,,,,,Ella_1044|FurgolGuenter,1494051706581262338|1058776440068542464,FreeLina|FreeMorlock
1534849128991268864,1654771523,2022-06-09T10:45:23,Niewieder12,"RT @soliantifaost_: ""Auf zur nächsten Runde – Antifaschismus macht keine Sommerpause!""

Neuer Text vom EA Dresden zum #AntifaOst-Verfahren: https://ea-dresden.site36.net/auf-zur-naechsten-runde-antifaschismus-macht-keine-sommerpause/

#FreeLina https://twitter.com/soliantifaost_/status/1534602931089162240/photo/1",0,0,0,0,de,,,,,,,,,1343630427756634114,Nie wieder!,0,,,https://pbs.twimg.com/profile_images/1343631663104995335/fVO4rk75_normal.jpg,8686,107,328,,1,2020-12-28T18:51:02,1609181462,,1,1534602931089162240,soliantifaost_,1431246995717558279,1654712824,,,,,2022-06-14T19:52:19.479316,https://twitter.com/Niewieder12/status/1534849128991268864,,,,,,,,,,soliantifaost_,1431246995717558279,AntifaOst
1534602931089162240,1654712824,2022-06-08T18:27:04,soliantifaost_,"""Auf zur nächsten Runde – Antifaschismus macht keine Sommerpause!""

Neuer Text vom EA Dresden zum #AntifaOst-Verfahren: https://ea-dresden.site36.net/auf-zur-naechsten-runde-antifaschismus-macht-keine-sommerpause/

#FreeLina https://twitter.com/soliantifaost_/status/1534602931089162240/photo/1",0,8,14,0,de,,,,,,,,,1431246995717558279,Solidaritätsbündnis Antifa Ost,0,"Das Solidaritätsbündnis Antifa Ost hat sich gegründet, um die nach §129 Angeklagten im Antifa Ost-Verfahren solidarisch zu unterstützen.
Wir sind alle Antifa!",https://www.soli-antifa-ost.org/,https://pbs.twimg.com/profile_images/1436242586923065351/WMqqQkGQ_normal.jpg,738,2627,24,,5,2021-08-27T13:27:34,1630070854,retweet|quote,1,,,,,,,,,2022-06-14T19:52:19.479316,https://twitter.com/soliantifaost_/status/1534602931089162240,,,,,https://ea-dresden.site36.net/auf-zur-naechsten-runde-antifaschismus-macht-keine-sommerpause/|https://twitter.com/soliantifaost_/status/1534602931089162240/photo/1,,https://pbs.twimg.com/media/FUwBOL-WYAEo2vj.jpg,1534602931089162240_FUwBOL-WYAEo2vj.jpg,photo,,,AntifaOst|FreeLina
1534840560384626690,1654769480,2022-06-09T10:11:20,S4XON14,RT @Micha_DD: Nach der Attacke auf die #Landesvertretung von #Sachsen am Sonntag in #Berlin gibt es jetzt ein Bekennerschreiben der #antifa. Offenbar Sympathisanten von #FreeLina. https://www.bild.de/regional/dresden/dresden-aktuell/antifa-bekennt-sich-zu-attacke-auf-saechsische-landesvertretung-80346482.bild.html,0,0,0,0,de,,,,,,"Sachsen, Deutschland",,,905513200027885570,SAXON1A,0,💚,,https://pbs.twimg.com/profile_images/907145197297029120/-M_FT-Iu_normal.jpg,148188,592,78,,8,2017-09-06T19:29:05,1504726145,,1,1534835349637279745,Micha_DD,86959554,1654768237,,,,,2022-06-14T19:52:19.479316,https://twitter.com/S4XON14/status/1534840560384626690,,,,,,,,,,Micha_DD,86959554,Berlin|Landesvertretung|Sachsen|antifa
1534835349637279745,1654768237,2022-06-09T09:50:37,Micha_DD,Nach der Attacke auf die #Landesvertretung von #Sachsen am Sonntag in #Berlin gibt es jetzt ein Bekennerschreiben der #antifa. Offenbar Sympathisanten von #FreeLina. https://www.bild.de/regional/dresden/dresden-aktuell/antifa-bekennt-sich-zu-attacke-auf-saechsische-landesvertretung-80346482.bild.html,0,2,0,0,de,,,,,,"Dresden, Sachsen",,,86959554,Michael Deutschmann,0,"Radioverrückter, Medienjunkie, Idealist, Familienmensch, bekennender Spießer, Sachse. Reporter bei @Bild_Dresden, https://t.co/8yRyZqh2Bi",http://www.facebook.com/michael.deutschmann,https://pbs.twimg.com/profile_images/1459919328237735943/wV9N5CNF_normal.jpg,4769,859,458,,31,2009-11-02T15:06:48,1257174408,retweet,1,,,,,,,,,2022-06-14T19:52:19.479316,https://twitter.com/Micha_DD/status/1534835349637279745,,,,,https://www.bild.de/regional/dresden/dresden-aktuell/antifa-bekennt-sich-zu-attacke-auf-saechsische-landesvertretung-80346482.bild.html,,,,,,,Berlin|FreeLina|Landesvertretung|Sachsen|antifa
1534839380996763648,1654769199,2022-06-09T10:06:39,Guenter_Hetzer,Lebenslang für #LinaE✊🏼 #freelina,0,0,0,0,de,,,,,,"Essen, Nordrhein-Westfalen",,,1149009944932421632,"Günter Hetzer, MdB",0,Mitglied der Bundesliga,,https://pbs.twimg.com/profile_images/1222161565107048451/hCwph18o_normal.jpg,1312,55,33,,1,2019-07-10T17:38:13,1562780293,,1,,,,,,,,,2022-06-14T19:52:19.480339,https://twitter.com/Guenter_Hetzer/status/1534839380996763648,,,,,,,,,,,,LinaE|freelina
1534803796848742400,1654760715,2022-06-09T07:45:15,hnnrkrmr,"RT @JKasek: Im Prozess gegen #LinaE bzw #freelina sitzen jetzt mehr Zeugen im Knast als angebliche Täter:innen, plus weitere Ermittlungsverfahren gegen Ermittlungsbeamte, die Daten an Rechtsextreme weitergegeben haben. Der Prozess schon jetzt eine Farce.
#NazissindkeineOpfer #freeLina",0,0,0,0,de,,,,,,Links,,,728485092029501440,hnn Km,0,Feminismus/Antifaschismus (she/her),,https://pbs.twimg.com/profile_images/1207940139558854656/aw7Ae33M_normal.jpg,1618,119,804,,0,2016-05-06T07:22:35,1462519355,,1,1532369284319653890,JKasek,52373515,1654180282,,,,,2022-06-14T19:52:19.481337,https://twitter.com/hnnrkrmr/status/1534803796848742400,,,,,,,,,,JKasek,52373515,LinaE|freelina
1534802540776370177,1654760415,2022-06-09T07:40:15,quarrelstrouble,"RT @soliantifaost_: ""Auf zur nächsten Runde – Antifaschismus macht keine Sommerpause!""

Neuer Text vom EA Dresden zum #AntifaOst-Verfahren: https://ea-dresden.site36.net/auf-zur-naechsten-runde-antifaschismus-macht-keine-sommerpause/

#FreeLina https://twitter.com/soliantifaost_/status/1534602931089162240/photo/1",0,0,0,0,de,,,,,,,,,1257636780444200960,Picking quarrels and provoking trouble,0,"Info Account zu autonomen, antikapitalistischen, antiautoritären 
und progressiven kämpfen!",,https://pbs.twimg.com/profile_images/1434443483654328326/pnFO99WN_normal.jpg,1215,634,907,,0,2020-05-05T11:42:55,1588678975,,1,1534602931089162240,soliantifaost_,1431246995717558279,1654712824,,,,,2022-06-14T19:52:19.481337,https://twitter.com/quarrelstrouble/status/1534802540776370177,,,,,,,,,,soliantifaost_,1431246995717558279,AntifaOst
1534800232923406337,1654759865,2022-06-09T07:31:05,quarrelstrouble,"RT @RassismusT: EA Dresden zum #AntifaOst-Verfahren (#freeLina), ein Hinweis, dass es ein mögliches Urteil am 10. August gibt, ist nicht sicher. Bis dort sind Verhandlungstage angesetzt. Kann sich noch verändern & ist nicht unbedingt Urteil zu erwarten:

- https://ea-dresden.site36.net/auf-zur-naechsten-runde-antifaschismus-macht-keine-sommerpause/",0,0,0,0,de,,,,,,,,,1257636780444200960,Picking quarrels and provoking trouble,0,"Info Account zu autonomen, antikapitalistischen, antiautoritären 
und progressiven kämpfen!",,https://pbs.twimg.com/profile_images/1434443483654328326/pnFO99WN_normal.jpg,1215,634,907,,0,2020-05-05T11:42:55,1588678975,,1,1534564989624778752,RassismusT,1483786808618016768,1654703779,,,,,2022-06-14T19:52:19.481337,https://twitter.com/quarrelstrouble/status/1534800232923406337,,,,,,,,,,RassismusT,1483786808618016768,AntifaOst|freeLina
1534564989624778752,1654703779,2022-06-08T15:56:19,RassismusT,"EA Dresden zum #AntifaOst-Verfahren (#freeLina), ein Hinweis, dass es ein mögliches Urteil am 10. August gibt, ist nicht sicher. Bis dort sind Verhandlungstage angesetzt. Kann sich noch verändern & ist nicht unbedingt Urteil zu erwarten:

- https://ea-dresden.site36.net/auf-zur-naechsten-runde-antifaschismus-macht-keine-sommerpause/",0,3,4,0,de,,,,,,,,,1483786808618016768,RASSISMUS TÖTET!,0,"Ersatz-Account @RASSISMUSTOETET

Die Kampagne RASSISMUS TÖTET thematisiert kritisch die rassistischen Pogrome Anfang der 90er sowie aktuellen Rassismus.",,https://pbs.twimg.com/profile_images/1483787827171237891/ie8Qt5YM_normal.jpg,9457,1592,1435,,2,2022-01-19T13:02:18,1642597338,retweet,1,,,,,,,,,2022-06-14T19:52:19.481337,https://twitter.com/RassismusT/status/1534564989624778752,,,,,https://ea-dresden.site36.net/auf-zur-naechsten-runde-antifaschismus-macht-keine-sommerpause/,,,,,,,AntifaOst|freeLina
1534791870009712640,1654757871,2022-06-09T06:57:51,t4mike_berlin,"RT @soliantifaost_: ""Auf zur nächsten Runde – Antifaschismus macht keine Sommerpause!""

Neuer Text vom EA Dresden zum #AntifaOst-Verfahren: https://ea-dresden.site36.net/auf-zur-naechsten-runde-antifaschismus-macht-keine-sommerpause/

#FreeLina https://twitter.com/soliantifaost_/status/1534602931089162240/photo/1",0,0,0,0,de,,,,,,Nirgendwo,,,1004425774982729730,mike_berlin,0,Legal - Egal -Scheißegal 🏴,,https://pbs.twimg.com/profile_images/1509896904418762752/b7AuGShQ_normal.jpg,90618,4082,954,,34,2018-06-06T18:12:20,1528308740,,1,1534602931089162240,soliantifaost_,1431246995717558279,1654712824,,,,,2022-06-14T19:52:19.481337,https://twitter.com/t4mike_berlin/status/1534791870009712640,,,,,,,,,,soliantifaost_,1431246995717558279,AntifaOst
1534786847817101312,1654756674,2022-06-09T06:37:54,luc_press,"RT @soliantifaost_: ""Auf zur nächsten Runde – Antifaschismus macht keine Sommerpause!""

Neuer Text vom EA Dresden zum #AntifaOst-Verfahren: https://ea-dresden.site36.net/auf-zur-naechsten-runde-antifaschismus-macht-keine-sommerpause/

#FreeLina https://twitter.com/soliantifaost_/status/1534602931089162240/photo/1",0,0,0,0,de,,,,,,we are everywhere,,,1463488672288890884,Luc Śkaille ★,0,"free journalism, radical ecology, social movements, nuclear disaster, jazz de/f/en
Sometimes @ https://t.co/yHog3oRIW4 @RDL_aktuell @jungewelt | Always : нет войны",,https://pbs.twimg.com/profile_images/1463489401158348807/rieqGIyl_normal.jpg,2602,285,1924,,1,2021-11-24T12:44:38,1637757878,,1,1534602931089162240,soliantifaost_,1431246995717558279,1654712824,,,,,2022-06-14T19:52:19.481337,https://twitter.com/luc_press/status/1534786847817101312,,,,,,,,,,soliantifaost_,1431246995717558279,AntifaOst
1534785491329064962,1654756350,2022-06-09T06:32:30,SchwarzePalmen,"RT @soliantifaost_: ""Auf zur nächsten Runde – Antifaschismus macht keine Sommerpause!""

Neuer Text vom EA Dresden zum #AntifaOst-Verfahren: https://ea-dresden.site36.net/auf-zur-naechsten-runde-antifaschismus-macht-keine-sommerpause/

#FreeLina https://twitter.com/soliantifaost_/status/1534602931089162240/photo/1",0,0,0,0,de,,,,,,,,,922352743284658176,Nicola Sacco,0,"Anarchismus, Antifa und Beauty-Tipps aus Berlin. Für bunte Blöcke, schwarze Herzen, eine bessere Welt, und gegen Craft Beer.",,https://pbs.twimg.com/profile_images/922360699455545344/sB8u8ivq_normal.jpg,58642,7521,986,,69,2017-10-23T06:43:25,1508741005,,1,1534602931089162240,soliantifaost_,1431246995717558279,1654712824,,,,,2022-06-14T19:52:19.481337,https://twitter.com/SchwarzePalmen/status/1534785491329064962,,,,,,,,,,soliantifaost_,1431246995717558279,AntifaOst
1534675290152132608,1654730076,2022-06-08T23:14:36,HalbGebacken,"RT @soliantifaost_: ""Auf zur nächsten Runde – Antifaschismus macht keine Sommerpause!""

Neuer Text vom EA Dresden zum #AntifaOst-Verfahren: https://ea-dresden.site36.net/auf-zur-naechsten-runde-antifaschismus-macht-keine-sommerpause/

#FreeLina https://twitter.com/soliantifaost_/status/1534602931089162240/photo/1",0,0,0,0,de,,,,,,Dortmund,,,3159865437,Halb Gebacken,0,,,https://pbs.twimg.com/profile_images/587256329917620225/m59ShuWL_normal.jpg,5581,91,441,,5,2015-04-12T14:07:21,1428847641,,1,1534602931089162240,soliantifaost_,1431246995717558279,1654712824,,,,,2022-06-14T19:52:19.481337,https://twitter.com/HalbGebacken/status/1534675290152132608,,,,,,,,,,soliantifaost_,1431246995717558279,AntifaOst
1534674033769316352,1654729777,2022-06-08T23:09:37,AntischwurbA,#FreeLina,0,0,0,0,und,,,,,,lisboa,,,1378279371534897155,antischwurb.al,0,,,https://pbs.twimg.com/profile_images/1532080669286928384/e3w290D0_normal.jpg,14108,174,327,,1,2021-04-03T09:34:12,1617442452,,1,,,,,,,,,2022-06-14T19:52:19.481337,https://twitter.com/AntischwurbA/status/1534674033769316352,,,,,,,,,,,,FreeLina
1534623430443773954,1654717712,2022-06-08T19:48:32,dd_nazifrei,"RT @soliantifaost_: ""Auf zur nächsten Runde – Antifaschismus macht keine Sommerpause!""

Neuer Text vom EA Dresden zum #AntifaOst-Verfahren: https://ea-dresden.site36.net/auf-zur-naechsten-runde-antifaschismus-macht-keine-sommerpause/

#FreeLina https://twitter.com/soliantifaost_/status/1534602931089162240/photo/1",0,0,0,0,de,,,,,,Dresden,,,215274668,Dresden Nazifrei,0,"Alte und neue Nazis blockieren!
Spenden: https://t.co/mCe94nbZ5h
https://t.co/YFfEviZGuq",https://dresden-nazifrei.com,https://pbs.twimg.com/profile_images/1356281916794789889/7wNdyY2V_normal.jpg,37131,34959,472,,226,2010-11-13T13:43:43,1289655823,,1,1534602931089162240,soliantifaost_,1431246995717558279,1654712824,,,,,2022-06-14T19:52:19.481337,https://twitter.com/dd_nazifrei/status/1534623430443773954,,,,,,,,,,soliantifaost_,1431246995717558279,AntifaOst
1534614060192473089,1654715478,2022-06-08T19:11:18,S4XON14,"RT @Schulstreik2021: #FreeLina
#GemeintSindWirAlle #Antifa #FckTheSystem #Sachsen « soliantifaost_: ""Auf zur nächsten Runde – Antifaschismus macht keine Sommerpause!""

Neuer Text vom EA Dresden zum #AntifaOst-Verfahren: https://ea-dresden.site36.net/auf-zur-naechsten-runde-antifaschismus-macht-keine-sommerpause/

#FreeLina https://twitter.com/soliantifaost_/status/1534602931089162240/photo/1 — https://twitter.com/soliantifaost_/status/1534602931089162240 »",0,0,0,0,und,,,,,,"Sachsen, Deutschland",,,905513200027885570,SAXON1A,0,💚,,https://pbs.twimg.com/profile_images/907145197297029120/-M_FT-Iu_normal.jpg,148188,592,78,,8,2017-09-06T19:29:05,1504726145,,1,1534607167365361664,Schulstreik2021,1346643532996603904,1654713834,,,,,2022-06-14T19:52:19.481337,https://twitter.com/S4XON14/status/1534614060192473089,,,,,https://twitter.com/soliantifaost_/status/1534602931089162240,,,,,Schulstreik2021,1346643532996603904,Antifa|FckTheSystem|FreeLina|GemeintSindWirAlle|Sachsen
1534607167365361664,1654713834,2022-06-08T18:43:54,Schulstreik2021,"#FreeLina
#GemeintSindWirAlle #Antifa #FckTheSystem #Sachsen « soliantifaost_: ""Auf zur nächsten Runde – Antifaschismus macht keine Sommerpause!""

Neuer Text vom EA Dresden zum #AntifaOst-Verfahren: https://ea-dresden.site36.net/auf-zur-naechsten-runde-antifaschismus-macht-keine-sommerpause/

#FreeLina https://twitter.com/soliantifaost_/status/1534602931089162240/photo/1 — https://twitter.com/soliantifaost_/status/1534602931089162240 »",0,1,1,1,und,,,,,,"Sachsen, Leipzig, 7030",,,1346643532996603904,SickOfThisShit 🏴 #FreeLina,0,,https://www.change.org/SchulstreikSachsen2021,https://pbs.twimg.com/profile_images/1475403582627364864/gUIK9NKZ_normal.jpg,23048,1598,878,,16,2021-01-06T02:23:55,1609899835,retweet,1,,,,,1534602931089162240,soliantifaost_,1431246995717558279,1654712824,2022-06-14T19:52:19.481337,https://twitter.com/Schulstreik2021/status/1534607167365361664,,,,,https://twitter.com/soliantifaost_/status/1534602931089162240,,,,,,,Antifa|FckTheSystem|FreeLina|GemeintSindWirAlle|Sachsen
1534611869113417728,1654714955,2022-06-08T19:02:35,Redskinsberlin,"RT @soliantifaost_: ""Auf zur nächsten Runde – Antifaschismus macht keine Sommerpause!""

Neuer Text vom EA Dresden zum #AntifaOst-Verfahren: https://ea-dresden.site36.net/auf-zur-naechsten-runde-antifaschismus-macht-keine-sommerpause/

#FreeLina https://twitter.com/soliantifaost_/status/1534602931089162240/photo/1",0,0,0,0,de,,,,,,,,,756463163881754625,RASH - Subkultur und Widerstand,0,,,https://pbs.twimg.com/profile_images/1469210965132681217/97ryVgfh_normal.jpg,57188,2662,2818,,35,2016-07-22T12:17:27,1469189847,,1,1534602931089162240,soliantifaost_,1431246995717558279,1654712824,,,,,2022-06-14T19:52:19.485511,https://twitter.com/Redskinsberlin/status/1534611869113417728,,,,,,,,,,soliantifaost_,1431246995717558279,AntifaOst
1534568636110749696,1654704648,2022-06-08T16:10:48,Schulstreik2021,"RT @RassismusT: EA Dresden zum #AntifaOst-Verfahren (#freeLina), ein Hinweis, dass es ein mögliches Urteil am 10. August gibt, ist nicht sicher. Bis dort sind Verhandlungstage angesetzt. Kann sich noch verändern & ist nicht unbedingt Urteil zu erwarten:

- https://ea-dresden.site36.net/auf-zur-naechsten-runde-antifaschismus-macht-keine-sommerpause/",0,0,0,0,de,,,,,,"Sachsen, Leipzig, 7030",,,1346643532996603904,SickOfThisShit 🏴 #FreeLina,0,,https://www.change.org/SchulstreikSachsen2021,https://pbs.twimg.com/profile_images/1475403582627364864/gUIK9NKZ_normal.jpg,23048,1598,878,,16,2021-01-06T02:23:55,1609899835,,1,1534564989624778752,RassismusT,1483786808618016768,1654703779,,,,,2022-06-14T19:52:19.487861,https://twitter.com/Schulstreik2021/status/1534568636110749696,,,,,,,,,,RassismusT,1483786808618016768,AntifaOst|freeLina
1534565859284471814,1654703986,2022-06-08T15:59:46,_crimsonpirate,"RT @RassismusT: EA Dresden zum #AntifaOst-Verfahren (#freeLina), ein Hinweis, dass es ein mögliches Urteil am 10. August gibt, ist nicht sicher. Bis dort sind Verhandlungstage angesetzt. Kann sich noch verändern & ist nicht unbedingt Urteil zu erwarten:

- https://ea-dresden.site36.net/auf-zur-naechsten-runde-antifaschismus-macht-keine-sommerpause/",0,0,0,0,de,,,,,,,,,1017053113470144513,CrimsonPirate,0,Manchmal kann ich einfach nicht die Fresse halten ...,,https://pbs.twimg.com/profile_images/1152165102835183616/mOwE5rq2_normal.png,56535,293,551,,2,2018-07-11T14:28:52,1531319332,,1,1534564989624778752,RassismusT,1483786808618016768,1654703779,,,,,2022-06-14T19:52:19.487861,https://twitter.com/_crimsonpirate/status/1534565859284471814,,,,,,,,,,RassismusT,1483786808618016768,AntifaOst|freeLina
1534532635011305472,1654696065,2022-06-08T13:47:45,dwjnvv,"WOW.
heute ein weiterer tag in d-land, an dem irgendwelche rechte straftaten behördlich bagatelisiert werden, es keine konsequenzen für nazi gewaltäter:innen hat und #freelina immer noch im knast sitzt weil sie mehr gegen den nsu tat als d-land bisher.",0,0,0,0,de,,,,,,kaltland,,,2171946309,emmpunktteehpunkt,0,es ist immer die schuld der anderen. #entnazifizierungjetzt,,https://pbs.twimg.com/profile_images/1114029527821443072/VaVL-BIr_normal.png,2886,37,639,,0,2013-11-07T10:12:08,1383819128,,1,,,,,,,,,2022-06-14T19:52:19.487861,https://twitter.com/dwjnvv/status/1534532635011305472,,,,,,,,,,,,freelina
1534404283029921799,1654665463,2022-06-08T05:17:43,ProfHalabi,RT @GulfCentre4HR: #SaudiArabia: Free social media activist Dr. Lina Al-Sharif https://www.gc4hr.org/news/view/3036 #FreeLina #May2021SaudiDetainees @IFEX @ALQST_En @MENA_Rights @ESOHumanRightsE @omctorg @fidh_en @whrdmena @thefreedomi @DAWNmenaorg https://twitter.com/GulfCentre4HR/status/1532701716386283520/photo/1,0,0,0,0,en,,,,,,,,,1010944165675487232,Prof. Rahim Salim Al-Halabi,0,,,https://pbs.twimg.com/profile_images/1010944958919036933/Ku6wEiWZ_normal.jpg,1950,13,12,,0,2018-06-24T17:54:06,1529862846,,1,1532701716386283520,GulfCentre4HR,386775450,1654259540,,,,,2022-06-14T19:52:19.487861,https://twitter.com/ProfHalabi/status/1534404283029921799,,,,,https://www.gc4hr.org/news/view/3036,,,,,GulfCentre4HR,386775450,FreeLina|May2021SaudiDetainees|SaudiArabia
1532701716386283520,1654259540,2022-06-03T12:32:20,GulfCentre4HR,#SaudiArabia: Free social media activist Dr. Lina Al-Sharif https://www.gc4hr.org/news/view/3036 #FreeLina #May2021SaudiDetainees @IFEX @ALQST_En @MENA_Rights @ESOHumanRightsE @omctorg @fidh_en @whrdmena @thefreedomi @DAWNmenaorg https://twitter.com/GulfCentre4HR/status/1532701716386283520/photo/1,0,22,29,1,en,,,,,,Gulf and neighboring countries,,,386775450,GC4HR,1,"مركز الخليج لحقوق الإنسان
Gulf Centre for Human Rights",https://www.gc4hr.org/,https://pbs.twimg.com/profile_images/992470272857882624/iU9rtJkw_normal.jpg,7120,11638,285,,177,2011-10-07T21:46:52,1318024012,retweet,1,,,,,,,,,2022-06-14T19:52:19.487861,https://twitter.com/GulfCentre4HR/status/1532701716386283520,,,,,https://twitter.com/GulfCentre4HR/status/1532701716386283520/photo/1|https://www.gc4hr.org/news/view/3036,,,,,ALQST_En|DAWNmenaorg|ESOHumanRightsE|IFEX|MENA_Rights|fidh_en|omctorg|thefreedomi|whrdmena,1189888568363274242|1256275268555112448|1349663328038252544|294071256|1053198941527961601|17386064|269750421|1912678782|3384055497,FreeLina|May2021SaudiDetainees|SaudiArabia
1534331231730556928,1654648046,2022-06-08T00:27:26,PalestinOnly,RT @GulfCentre4HR: #SaudiArabia: Free social media activist Dr. Lina Al-Sharif https://www.gc4hr.org/news/view/3036 #FreeLina #May2021SaudiDetainees @IFEX @ALQST_En @MENA_Rights @ESOHumanRightsE @omctorg @fidh_en @whrdmena @thefreedomi @DAWNmenaorg https://twitter.com/GulfCentre4HR/status/1532701716386283520/photo/1,1,0,0,0,en,,,,,,"London, England",,,1360253135449698316,PALESTIN ONLY FOR PALESTINIAN,0,CHAIRMAN CONSULTING ENGINEER,,https://pbs.twimg.com/profile_images/1360255605378801666/5iE1CVh1_normal.jpg,37766,2409,4959,,5,2021-02-12T15:43:42,1613144622,,1,1532701716386283520,GulfCentre4HR,386775450,1654259540,,,,,2022-06-14T19:52:19.487861,https://twitter.com/PalestinOnly/status/1534331231730556928,,,,,https://www.gc4hr.org/news/view/3036,,,,,GulfCentre4HR,386775450,FreeLina|May2021SaudiDetainees|SaudiArabia
